#
# A fatal error has been detected by the Java Runtime Environment:
#
#  SIGSEGV (0xb) at pc=0x000000018b09f2dc, pid=40122, tid=53095
#
# JRE version: Java(TM) SE Runtime Environment (21.0.6+8) (build 21.0.6+8-LTS-188)
# Java VM: Java HotSpot(TM) 64-Bit Server VM (21.0.6+8-LTS-188, mixed mode, sharing, tiered, compressed oops, compressed class ptrs, g1 gc, bsd-aarch64)
# Problematic frame:
# C  [CoreVideo+0x22dc]  CVHWTime::reset()+0x40
#
# No core dump will be written. Core dumps have been disabled. To enable core dumping, try "ulimit -c unlimited" before starting Java again
#
# If you would like to submit a bug report, please visit:
#   https://bugreport.java.com/bugreport/crash.jsp
#

---------------  S U M M A R Y ------------

Command Line: -javaagent:/Volumes/KINGSTON/Applications/IntelliJ IDEA.app/Contents/lib/idea_rt.jar=64122 -Dfile.encoding=UTF-8 -Dsun.stdout.encoding=UTF-8 -Dsun.stderr.encoding=UTF-8 com.cinemates.Launcher

Host: "Mac14,7" arm64, 8 cores, 8G, Darwin 25.0.0, macOS 26.0.1 (25A362)
Time: Sun Dec 21 18:17:30 2025 +07 elapsed time: 35.651271 seconds (0d 0h 0m 35s)

---------------  T H R E A D  ---------------

Current thread is native thread

Stack: [0x000000031813c000,0x00000003181bf000],  sp=0x00000003181bedc0,  free space=523k
Native frames: (J=compiled Java code, j=interpreted, Vv=VM code, C=native code)
C  [CoreVideo+0x22dc]  CVHWTime::reset()+0x40
C  [CoreVideo+0x2dbc]  CVXTime::reset()+0x34
C  [CoreVideo+0x2ae0]  CVDisplayLink::runIOThread()+0xb0
C  [libsystem_pthread.dylib+0x6c08]  _pthread_start+0x88

siginfo: si_signo: 11 (SIGSEGV), si_code: 2 (SEGV_ACCERR), si_addr: 0x00000000000001d5

Registers:
 x0=0x0000000000000000  x1=0x000000018b0b8f78  x2=0x0000002c00001513  x3=0x0002486b0000cf67
 x4=0x00000e2100000000  x5=0x0002486b00000000  x6=0x000000000000002c  x7=0x0000000000000000
 x8=0x000000000000000d  x9=0x000000004d555458 x10=0x0000000000000000 x11=0x0000000000000000
x12=0x0000000000000000 x13=0x0000000000000000 x14=0x0000000000000000 x15=0x0000000000000000
x16=0x0000000180b24a84 x17=0x00000001eeb0c570 x18=0x0000000000000000 x19=0x00006000004b0468
x20=0x000000000000cf67 x21=0x0000000000000000 x22=0x0000000000000000 x23=0x0000000000000000
x24=0x0000000000000000 x25=0x0000000000000000 x26=0x0000000000000000 x27=0x0000000000000000
x28=0x0000000000000000  fp=0x00000003181bede0  lr=0x000000018b09f2cc  sp=0x00000003181bedc0
pc=0x000000018b09f2dc cpsr=0x0000000080001000

Top of Stack: (sp=0x00000003181bedc0)
0x00000003181bedc0:   00006000004b0468 000000000000009c
0x00000003181bedd0:   000000000000cf67 00006000004b0460
0x00000003181bede0:   00000003181bee10 000000018b09fdbc
0x00000003181bedf0:   00006000004b0460 0000000180b234c4
0x00000003181bee00:   000000000000cf67 0000000129036a20
0x00000003181bee10:   00000003181befc0 000000018b09fae0
0x00000003181bee20:   0000000000000017 0000000000000000
0x00000003181bee30:   0000000000000000 0000000000000000
0x00000003181bee40:   0000000000000000 0000000000000000
0x00000003181bee50:   0000000000000000 0000000000000000
0x00000003181bee60:   0000000000000000 0000000000000000
0x00000003181bee70:   0000000000000000 0000000000000000
0x00000003181bee80:   0000000201404010 00009cba00000000
0x00000003181bee90:   000001f500007da0 000001f500000014
0x00000003181beea0:   000001f500000014 0000000000000014
0x00000003181beeb0:   65686e006176616a 000000007265706c
0x00000003181beec0:   65686e006176616a 000000007265706c
0x00000003181beed0:   0000000000000000 0000000000000000
0x00000003181beee0:   00007da000000032 ffffffff00000001
0x00000003181beef0:   0000000000000000 000000006947d726
0x00000003181bef00:   00000000000d6fe5 0000006341190000
0x00000003181bef10:   000000000671c000 000000000c78b26a
0x00000003181bef20:   00000000034a87c8 000000000aafe49e
0x00000003181bef30:   00000000028b6f06 0001838300000001
0x00000003181bef40:   00000460000024e6 0000618100010276
0x00000003181bef50:   000268d20002342a 0000005c000228e9
0x00000003181bef60:   0000001f00000003 ae69ac2ecbe60072
0x00000003181bef70:   0000000000000000 0000000000000000
0x00000003181bef80:   0000000000000000 0000000000000000
0x00000003181bef90:   0000000000000000 0000000000000000
0x00000003181befa0:   0000000000000000 0000000000000000
0x00000003181befb0:   0000000000000000 00000003181bf000 

Instructions: (pc=0x000000018b09f2dc)
0x000000018b09f1dc:   02 01 40 f9 37 8e 01 94 7f 36 01 f9 48 00 80 52
0x000000018b09f1ec:   68 3a 01 f9 28 00 80 52 68 42 00 39 a8 83 5e f8
0x000000018b09f1fc:   e9 06 2e d0 29 f5 40 f9 29 01 40 f9 3f 01 08 eb
0x000000018b09f20c:   c1 00 00 54 e0 03 13 aa fd 7b 46 a9 f4 4f 45 a9
0x000000018b09f21c:   ff c3 01 91 ff 0f 5f d6 8a 90 01 94 f3 03 00 aa
0x000000018b09f22c:   e0 03 14 aa ef 90 01 94 02 00 00 14 f3 03 00 aa
0x000000018b09f23c:   e0 03 13 aa 6b 90 01 94 7f 23 03 d5 f4 4f be a9
0x000000018b09f24c:   fd 7b 01 a9 fd 43 00 91 f3 03 00 aa 01 84 00 f8
0x000000018b09f25c:   0a 00 00 94 7f 26 00 f9 7f 52 00 b9 7f fe 05 a9
0x000000018b09f26c:   60 22 00 91 0b 00 00 94 e0 03 13 aa fd 7b 41 a9
0x000000018b09f27c:   f4 4f c2 a8 ff 0f 5f d6 28 e4 40 f9 01 20 00 a9
0x000000018b09f28c:   00 e4 00 6f 00 c0 82 3c 00 80 00 ad c0 03 5f d6
0x000000018b09f29c:   7f 23 03 d5 ff c3 00 d1 f4 4f 01 a9 fd 7b 02 a9
0x000000018b09f2ac:   fd 83 00 91 f3 03 00 aa 08 14 40 f9 e0 23 00 a9
0x000000018b09f2bc:   c1 03 00 90 21 9c 1b 91 80 00 80 52 ed 66 00 94
0x000000018b09f2cc:   e0 03 67 9e 00 40 60 1e 60 82 82 3c 68 02 40 f9
0x000000018b09f2dc:   08 e5 40 f9 7f 3a 00 b9 68 fe 00 a9 7f fe 01 a9
0x000000018b09f2ec:   fd 7b 42 a9 f4 4f 41 a9 ff c3 00 91 ff 0f 5f d6
0x000000018b09f2fc:   7f 23 03 d5 ff 43 01 d1 f8 5f 01 a9 f6 57 02 a9
0x000000018b09f30c:   f4 4f 03 a9 fd 7b 04 a9 fd 03 01 91 f4 03 01 aa
0x000000018b09f31c:   f3 03 00 aa e0 03 01 aa 7a 8e 01 94 f5 03 00 aa
0x000000018b09f32c:   28 7d 80 52 68 de 00 f9 c8 03 00 b0 00 95 45 fd
0x000000018b09f33c:   60 e2 00 fd 08 27 31 90 08 35 06 91 08 01 40 39
0x000000018b09f34c:   48 00 00 37 59 00 00 94 08 27 31 90 08 91 06 91
0x000000018b09f35c:   00 01 40 bd 00 d8 61 7e 08 27 31 90 08 61 06 91
0x000000018b09f36c:   01 01 40 bd 21 d8 61 7e c8 03 00 b0 02 99 45 fd
0x000000018b09f37c:   40 18 60 1e 00 08 61 1e 08 00 79 9e 68 e6 00 f9
0x000000018b09f38c:   35 04 00 34 16 00 80 52 a8 26 d6 1a 88 00 00 37
0x000000018b09f39c:   d6 06 00 11 df 82 00 71 81 ff ff 54 f3 53 00 a9
0x000000018b09f3ac:   41 03 00 90 21 38 18 91 20 00 80 52 b1 66 00 94
0x000000018b09f3bc:   60 62 00 91 ab 92 01 94 77 42 47 39 17 03 00 36
0x000000018b09f3cc:   60 62 00 91 ab 92 01 94 70 02 40 f9 f8 03 13 aa 



---------------  P R O C E S S  ---------------

VM state: not at safepoint (normal execution)

VM Mutex/Monitor currently owned by a thread: None

Heap address: 0x0000000780000000, size: 2048 MB, Compressed Oops mode: Zero based, Oop shift amount: 3

CDS archive(s) mapped at: [0x0000007000000000-0x0000007000ca8000-0x0000007000ca8000), size 13271040, SharedBaseAddress: 0x0000007000000000, ArchiveRelocationMode: 1.
Compressed class space mapped at: 0x0000007001000000-0x0000007041000000, reserved size: 1073741824
Narrow klass base: 0x0000007000000000, Narrow klass shift: 0, Narrow klass range: 0x100000000

GC Precious Log:
<Skipped>

Heap:
 garbage-first heap   total 286720K, used 46098K [0x0000000780000000, 0x0000000800000000)
  region size 1024K, 4 young (4096K), 2 survivors (2048K)
 Metaspace       used 18711K, committed 19136K, reserved 1114112K
  class space    used 2675K, committed 2880K, reserved 1048576K

Heap Regions: E=young(eden), S=young(survivor), O=old, HS=humongous(starts), HC=humongous(continues), CS=collection set, F=free, TAMS=top-at-mark-start, PB=parsable bottom
|   0|0x0000000780000000, 0x0000000780100000, 0x0000000780100000|100%| O|  |TAMS 0x0000000780000000| PB 0x0000000780000000| Untracked 
|   1|0x0000000780100000, 0x0000000780200000, 0x0000000780200000|100%| O|  |TAMS 0x0000000780100000| PB 0x0000000780100000| Untracked 
|   2|0x0000000780200000, 0x0000000780300000, 0x0000000780300000|100%| O|  |TAMS 0x0000000780200000| PB 0x0000000780200000| Untracked 
|   3|0x0000000780300000, 0x0000000780400000, 0x0000000780400000|100%|HS|  |TAMS 0x0000000780300000| PB 0x0000000780300000| Complete 
|   4|0x0000000780400000, 0x0000000780500000, 0x0000000780500000|100%|HC|  |TAMS 0x0000000780400000| PB 0x0000000780400000| Complete 
|   5|0x0000000780500000, 0x0000000780600000, 0x0000000780600000|100%|HC|  |TAMS 0x0000000780500000| PB 0x0000000780500000| Complete 
|   6|0x0000000780600000, 0x0000000780700000, 0x0000000780700000|100%|HC|  |TAMS 0x0000000780600000| PB 0x0000000780600000| Complete 
|   7|0x0000000780700000, 0x0000000780800000, 0x0000000780800000|100%|HC|  |TAMS 0x0000000780700000| PB 0x0000000780700000| Complete 
|   8|0x0000000780800000, 0x0000000780900000, 0x0000000780900000|100%|HC|  |TAMS 0x0000000780800000| PB 0x0000000780800000| Complete 
|   9|0x0000000780900000, 0x0000000780a00000, 0x0000000780a00000|100%|HC|  |TAMS 0x0000000780900000| PB 0x0000000780900000| Complete 
|  10|0x0000000780a00000, 0x0000000780b00000, 0x0000000780b00000|100%|HS|  |TAMS 0x0000000780a00000| PB 0x0000000780a00000| Complete 
|  11|0x0000000780b00000, 0x0000000780c00000, 0x0000000780c00000|100%|HC|  |TAMS 0x0000000780b00000| PB 0x0000000780b00000| Complete 
|  12|0x0000000780c00000, 0x0000000780d00000, 0x0000000780d00000|100%|HC|  |TAMS 0x0000000780c00000| PB 0x0000000780c00000| Complete 
|  13|0x0000000780d00000, 0x0000000780e00000, 0x0000000780e00000|100%|HC|  |TAMS 0x0000000780d00000| PB 0x0000000780d00000| Complete 
|  14|0x0000000780e00000, 0x0000000780f00000, 0x0000000780f00000|100%|HC|  |TAMS 0x0000000780e00000| PB 0x0000000780e00000| Complete 
|  15|0x0000000780f00000, 0x0000000781000000, 0x0000000781000000|100%|HC|  |TAMS 0x0000000780f00000| PB 0x0000000780f00000| Complete 
|  16|0x0000000781000000, 0x0000000781100000, 0x0000000781100000|100%|HC|  |TAMS 0x0000000781000000| PB 0x0000000781000000| Complete 
|  17|0x0000000781100000, 0x0000000781200000, 0x0000000781200000|100%|HS|  |TAMS 0x0000000781100000| PB 0x0000000781100000| Complete 
|  18|0x0000000781200000, 0x0000000781300000, 0x0000000781300000|100%|HC|  |TAMS 0x0000000781200000| PB 0x0000000781200000| Complete 
|  19|0x0000000781300000, 0x0000000781400000, 0x0000000781400000|100%|HC|  |TAMS 0x0000000781300000| PB 0x0000000781300000| Complete 
|  20|0x0000000781400000, 0x0000000781500000, 0x0000000781500000|100%|HC|  |TAMS 0x0000000781400000| PB 0x0000000781400000| Complete 
|  21|0x0000000781500000, 0x0000000781600000, 0x0000000781600000|100%|HC|  |TAMS 0x0000000781500000| PB 0x0000000781500000| Complete 
|  22|0x0000000781600000, 0x0000000781700000, 0x0000000781700000|100%|HC|  |TAMS 0x0000000781600000| PB 0x0000000781600000| Complete 
|  23|0x0000000781700000, 0x0000000781800000, 0x0000000781800000|100%|HC|  |TAMS 0x0000000781700000| PB 0x0000000781700000| Complete 
|  24|0x0000000781800000, 0x0000000781900000, 0x0000000781900000|100%| O|  |TAMS 0x0000000781800000| PB 0x0000000781800000| Untracked 
|  25|0x0000000781900000, 0x0000000781a00000, 0x0000000781a00000|100%| O|  |TAMS 0x0000000781900000| PB 0x0000000781900000| Untracked 
|  26|0x0000000781a00000, 0x0000000781b00000, 0x0000000781b00000|100%| O|  |TAMS 0x0000000781a00000| PB 0x0000000781a00000| Untracked 
|  27|0x0000000781b00000, 0x0000000781c00000, 0x0000000781c00000|100%| O|  |TAMS 0x0000000781b00000| PB 0x0000000781b00000| Untracked 
|  28|0x0000000781c00000, 0x0000000781d00000, 0x0000000781d00000|100%| O|  |TAMS 0x0000000781c00000| PB 0x0000000781c00000| Untracked 
|  29|0x0000000781d00000, 0x0000000781e00000, 0x0000000781e00000|100%| O|  |TAMS 0x0000000781d00000| PB 0x0000000781d00000| Untracked 
|  30|0x0000000781e00000, 0x0000000781f00000, 0x0000000781f00000|100%| O|  |TAMS 0x0000000781e00000| PB 0x0000000781e00000| Untracked 
|  31|0x0000000781f00000, 0x0000000781f52110, 0x0000000782000000| 32%| O|  |TAMS 0x0000000781f00000| PB 0x0000000781f00000| Untracked 
|  32|0x0000000782000000, 0x0000000782100000, 0x0000000782100000|100%|HS|  |TAMS 0x0000000782000000| PB 0x0000000782000000| Complete 
|  33|0x0000000782100000, 0x0000000782200000, 0x0000000782200000|100%|HC|  |TAMS 0x0000000782100000| PB 0x0000000782100000| Complete 
|  34|0x0000000782200000, 0x0000000782300000, 0x0000000782300000|100%|HS|  |TAMS 0x0000000782200000| PB 0x0000000782200000| Complete 
|  35|0x0000000782300000, 0x0000000782400000, 0x0000000782400000|100%|HC|  |TAMS 0x0000000782300000| PB 0x0000000782300000| Complete 
|  36|0x0000000782400000, 0x0000000782500000, 0x0000000782500000|100%|HC|  |TAMS 0x0000000782400000| PB 0x0000000782400000| Complete 
|  37|0x0000000782500000, 0x0000000782600000, 0x0000000782600000|100%|HC|  |TAMS 0x0000000782500000| PB 0x0000000782500000| Complete 
|  38|0x0000000782600000, 0x0000000782700000, 0x0000000782700000|100%|HC|  |TAMS 0x0000000782600000| PB 0x0000000782600000| Complete 
|  39|0x0000000782700000, 0x0000000782800000, 0x0000000782800000|100%|HC|  |TAMS 0x0000000782700000| PB 0x0000000782700000| Complete 
|  40|0x0000000782800000, 0x0000000782900000, 0x0000000782900000|100%|HC|  |TAMS 0x0000000782800000| PB 0x0000000782800000| Complete 
|  41|0x0000000782900000, 0x0000000782900000, 0x0000000782a00000|  0%| F|  |TAMS 0x0000000782900000| PB 0x0000000782900000| Untracked 
|  42|0x0000000782a00000, 0x0000000782a00000, 0x0000000782b00000|  0%| F|  |TAMS 0x0000000782a00000| PB 0x0000000782a00000| Untracked 
|  43|0x0000000782b00000, 0x0000000782b00000, 0x0000000782c00000|  0%| F|  |TAMS 0x0000000782b00000| PB 0x0000000782b00000| Untracked 
|  44|0x0000000782c00000, 0x0000000782c00000, 0x0000000782d00000|  0%| F|  |TAMS 0x0000000782c00000| PB 0x0000000782c00000| Untracked 
|  45|0x0000000782d00000, 0x0000000782d00000, 0x0000000782e00000|  0%| F|  |TAMS 0x0000000782d00000| PB 0x0000000782d00000| Untracked 
|  46|0x0000000782e00000, 0x0000000782e00000, 0x0000000782f00000|  0%| F|  |TAMS 0x0000000782e00000| PB 0x0000000782e00000| Untracked 
|  47|0x0000000782f00000, 0x0000000782f00000, 0x0000000783000000|  0%| F|  |TAMS 0x0000000782f00000| PB 0x0000000782f00000| Untracked 
|  48|0x0000000783000000, 0x0000000783000000, 0x0000000783100000|  0%| F|  |TAMS 0x0000000783000000| PB 0x0000000783000000| Untracked 
|  49|0x0000000783100000, 0x0000000783100000, 0x0000000783200000|  0%| F|  |TAMS 0x0000000783100000| PB 0x0000000783100000| Untracked 
|  50|0x0000000783200000, 0x0000000783200000, 0x0000000783300000|  0%| F|  |TAMS 0x0000000783200000| PB 0x0000000783200000| Untracked 
|  51|0x0000000783300000, 0x0000000783300000, 0x0000000783400000|  0%| F|  |TAMS 0x0000000783300000| PB 0x0000000783300000| Untracked 
|  52|0x0000000783400000, 0x0000000783400000, 0x0000000783500000|  0%| F|  |TAMS 0x0000000783400000| PB 0x0000000783400000| Untracked 
|  53|0x0000000783500000, 0x0000000783500000, 0x0000000783600000|  0%| F|  |TAMS 0x0000000783500000| PB 0x0000000783500000| Untracked 
|  54|0x0000000783600000, 0x0000000783600000, 0x0000000783700000|  0%| F|  |TAMS 0x0000000783600000| PB 0x0000000783600000| Untracked 
|  55|0x0000000783700000, 0x0000000783700000, 0x0000000783800000|  0%| F|  |TAMS 0x0000000783700000| PB 0x0000000783700000| Untracked 
|  56|0x0000000783800000, 0x0000000783800000, 0x0000000783900000|  0%| F|  |TAMS 0x0000000783800000| PB 0x0000000783800000| Untracked 
|  57|0x0000000783900000, 0x0000000783900000, 0x0000000783a00000|  0%| F|  |TAMS 0x0000000783900000| PB 0x0000000783900000| Untracked 
|  58|0x0000000783a00000, 0x0000000783a00000, 0x0000000783b00000|  0%| F|  |TAMS 0x0000000783a00000| PB 0x0000000783a00000| Untracked 
|  59|0x0000000783b00000, 0x0000000783b00000, 0x0000000783c00000|  0%| F|  |TAMS 0x0000000783b00000| PB 0x0000000783b00000| Untracked 
|  60|0x0000000783c00000, 0x0000000783c00000, 0x0000000783d00000|  0%| F|  |TAMS 0x0000000783c00000| PB 0x0000000783c00000| Untracked 
|  61|0x0000000783d00000, 0x0000000783d00000, 0x0000000783e00000|  0%| F|  |TAMS 0x0000000783d00000| PB 0x0000000783d00000| Untracked 
|  62|0x0000000783e00000, 0x0000000783e00000, 0x0000000783f00000|  0%| F|  |TAMS 0x0000000783e00000| PB 0x0000000783e00000| Untracked 
|  63|0x0000000783f00000, 0x0000000783f00000, 0x0000000784000000|  0%| F|  |TAMS 0x0000000783f00000| PB 0x0000000783f00000| Untracked 
|  64|0x0000000784000000, 0x0000000784000000, 0x0000000784100000|  0%| F|  |TAMS 0x0000000784000000| PB 0x0000000784000000| Untracked 
|  65|0x0000000784100000, 0x0000000784100000, 0x0000000784200000|  0%| F|  |TAMS 0x0000000784100000| PB 0x0000000784100000| Untracked 
|  66|0x0000000784200000, 0x0000000784200000, 0x0000000784300000|  0%| F|  |TAMS 0x0000000784200000| PB 0x0000000784200000| Untracked 
|  67|0x0000000784300000, 0x0000000784300000, 0x0000000784400000|  0%| F|  |TAMS 0x0000000784300000| PB 0x0000000784300000| Untracked 
|  68|0x0000000784400000, 0x0000000784400000, 0x0000000784500000|  0%| F|  |TAMS 0x0000000784400000| PB 0x0000000784400000| Untracked 
|  69|0x0000000784500000, 0x0000000784500000, 0x0000000784600000|  0%| F|  |TAMS 0x0000000784500000| PB 0x0000000784500000| Untracked 
|  70|0x0000000784600000, 0x0000000784600000, 0x0000000784700000|  0%| F|  |TAMS 0x0000000784600000| PB 0x0000000784600000| Untracked 
|  71|0x0000000784700000, 0x0000000784700000, 0x0000000784800000|  0%| F|  |TAMS 0x0000000784700000| PB 0x0000000784700000| Untracked 
|  72|0x0000000784800000, 0x0000000784800000, 0x0000000784900000|  0%| F|  |TAMS 0x0000000784800000| PB 0x0000000784800000| Untracked 
|  73|0x0000000784900000, 0x0000000784900000, 0x0000000784a00000|  0%| F|  |TAMS 0x0000000784900000| PB 0x0000000784900000| Untracked 
|  74|0x0000000784a00000, 0x0000000784a00000, 0x0000000784b00000|  0%| F|  |TAMS 0x0000000784a00000| PB 0x0000000784a00000| Untracked 
|  75|0x0000000784b00000, 0x0000000784b00000, 0x0000000784c00000|  0%| F|  |TAMS 0x0000000784b00000| PB 0x0000000784b00000| Untracked 
|  76|0x0000000784c00000, 0x0000000784c00000, 0x0000000784d00000|  0%| F|  |TAMS 0x0000000784c00000| PB 0x0000000784c00000| Untracked 
|  77|0x0000000784d00000, 0x0000000784d00000, 0x0000000784e00000|  0%| F|  |TAMS 0x0000000784d00000| PB 0x0000000784d00000| Untracked 
|  78|0x0000000784e00000, 0x0000000784e00000, 0x0000000784f00000|  0%| F|  |TAMS 0x0000000784e00000| PB 0x0000000784e00000| Untracked 
|  79|0x0000000784f00000, 0x0000000784f00000, 0x0000000785000000|  0%| F|  |TAMS 0x0000000784f00000| PB 0x0000000784f00000| Untracked 
|  80|0x0000000785000000, 0x0000000785000000, 0x0000000785100000|  0%| F|  |TAMS 0x0000000785000000| PB 0x0000000785000000| Untracked 
|  81|0x0000000785100000, 0x0000000785100000, 0x0000000785200000|  0%| F|  |TAMS 0x0000000785100000| PB 0x0000000785100000| Untracked 
|  82|0x0000000785200000, 0x0000000785200000, 0x0000000785300000|  0%| F|  |TAMS 0x0000000785200000| PB 0x0000000785200000| Untracked 
|  83|0x0000000785300000, 0x0000000785300000, 0x0000000785400000|  0%| F|  |TAMS 0x0000000785300000| PB 0x0000000785300000| Untracked 
|  84|0x0000000785400000, 0x0000000785400000, 0x0000000785500000|  0%| F|  |TAMS 0x0000000785400000| PB 0x0000000785400000| Untracked 
|  85|0x0000000785500000, 0x0000000785500000, 0x0000000785600000|  0%| F|  |TAMS 0x0000000785500000| PB 0x0000000785500000| Untracked 
|  86|0x0000000785600000, 0x0000000785600000, 0x0000000785700000|  0%| F|  |TAMS 0x0000000785600000| PB 0x0000000785600000| Untracked 
|  87|0x0000000785700000, 0x0000000785700000, 0x0000000785800000|  0%| F|  |TAMS 0x0000000785700000| PB 0x0000000785700000| Untracked 
|  88|0x0000000785800000, 0x0000000785800000, 0x0000000785900000|  0%| F|  |TAMS 0x0000000785800000| PB 0x0000000785800000| Untracked 
|  89|0x0000000785900000, 0x0000000785900000, 0x0000000785a00000|  0%| F|  |TAMS 0x0000000785900000| PB 0x0000000785900000| Untracked 
|  90|0x0000000785a00000, 0x0000000785a00000, 0x0000000785b00000|  0%| F|  |TAMS 0x0000000785a00000| PB 0x0000000785a00000| Untracked 
|  91|0x0000000785b00000, 0x0000000785b00000, 0x0000000785c00000|  0%| F|  |TAMS 0x0000000785b00000| PB 0x0000000785b00000| Untracked 
|  92|0x0000000785c00000, 0x0000000785c00000, 0x0000000785d00000|  0%| F|  |TAMS 0x0000000785c00000| PB 0x0000000785c00000| Untracked 
|  93|0x0000000785d00000, 0x0000000785d00000, 0x0000000785e00000|  0%| F|  |TAMS 0x0000000785d00000| PB 0x0000000785d00000| Untracked 
|  94|0x0000000785e00000, 0x0000000785e00000, 0x0000000785f00000|  0%| F|  |TAMS 0x0000000785e00000| PB 0x0000000785e00000| Untracked 
|  95|0x0000000785f00000, 0x0000000785f00000, 0x0000000786000000|  0%| F|  |TAMS 0x0000000785f00000| PB 0x0000000785f00000| Untracked 
|  96|0x0000000786000000, 0x0000000786000000, 0x0000000786100000|  0%| F|  |TAMS 0x0000000786000000| PB 0x0000000786000000| Untracked 
|  97|0x0000000786100000, 0x0000000786100000, 0x0000000786200000|  0%| F|  |TAMS 0x0000000786100000| PB 0x0000000786100000| Untracked 
|  98|0x0000000786200000, 0x0000000786200000, 0x0000000786300000|  0%| F|  |TAMS 0x0000000786200000| PB 0x0000000786200000| Untracked 
|  99|0x0000000786300000, 0x0000000786300000, 0x0000000786400000|  0%| F|  |TAMS 0x0000000786300000| PB 0x0000000786300000| Untracked 
| 100|0x0000000786400000, 0x0000000786400000, 0x0000000786500000|  0%| F|  |TAMS 0x0000000786400000| PB 0x0000000786400000| Untracked 
| 101|0x0000000786500000, 0x0000000786500000, 0x0000000786600000|  0%| F|  |TAMS 0x0000000786500000| PB 0x0000000786500000| Untracked 
| 102|0x0000000786600000, 0x0000000786600000, 0x0000000786700000|  0%| F|  |TAMS 0x0000000786600000| PB 0x0000000786600000| Untracked 
| 103|0x0000000786700000, 0x0000000786700000, 0x0000000786800000|  0%| F|  |TAMS 0x0000000786700000| PB 0x0000000786700000| Untracked 
| 104|0x0000000786800000, 0x0000000786800000, 0x0000000786900000|  0%| F|  |TAMS 0x0000000786800000| PB 0x0000000786800000| Untracked 
| 105|0x0000000786900000, 0x0000000786900000, 0x0000000786a00000|  0%| F|  |TAMS 0x0000000786900000| PB 0x0000000786900000| Untracked 
| 106|0x0000000786a00000, 0x0000000786a00000, 0x0000000786b00000|  0%| F|  |TAMS 0x0000000786a00000| PB 0x0000000786a00000| Untracked 
| 107|0x0000000786b00000, 0x0000000786b00000, 0x0000000786c00000|  0%| F|  |TAMS 0x0000000786b00000| PB 0x0000000786b00000| Untracked 
| 108|0x0000000786c00000, 0x0000000786c00000, 0x0000000786d00000|  0%| F|  |TAMS 0x0000000786c00000| PB 0x0000000786c00000| Untracked 
| 109|0x0000000786d00000, 0x0000000786d00000, 0x0000000786e00000|  0%| F|  |TAMS 0x0000000786d00000| PB 0x0000000786d00000| Untracked 
| 110|0x0000000786e00000, 0x0000000786ee8b90, 0x0000000786f00000| 90%| S|CS|TAMS 0x0000000786e00000| PB 0x0000000786e00000| Complete 
| 111|0x0000000786f00000, 0x0000000787000000, 0x0000000787000000|100%| S|CS|TAMS 0x0000000786f00000| PB 0x0000000786f00000| Complete 
| 112|0x0000000787000000, 0x0000000787000000, 0x0000000787100000|  0%| F|  |TAMS 0x0000000787000000| PB 0x0000000787000000| Untracked 
| 113|0x0000000787100000, 0x0000000787100000, 0x0000000787200000|  0%| F|  |TAMS 0x0000000787100000| PB 0x0000000787100000| Untracked 
| 114|0x0000000787200000, 0x0000000787200000, 0x0000000787300000|  0%| F|  |TAMS 0x0000000787200000| PB 0x0000000787200000| Untracked 
| 115|0x0000000787300000, 0x0000000787300000, 0x0000000787400000|  0%| F|  |TAMS 0x0000000787300000| PB 0x0000000787300000| Untracked 
| 116|0x0000000787400000, 0x0000000787400000, 0x0000000787500000|  0%| F|  |TAMS 0x0000000787400000| PB 0x0000000787400000| Untracked 
| 117|0x0000000787500000, 0x0000000787500000, 0x0000000787600000|  0%| F|  |TAMS 0x0000000787500000| PB 0x0000000787500000| Untracked 
| 118|0x0000000787600000, 0x0000000787600000, 0x0000000787700000|  0%| F|  |TAMS 0x0000000787600000| PB 0x0000000787600000| Untracked 
| 119|0x0000000787700000, 0x0000000787700000, 0x0000000787800000|  0%| F|  |TAMS 0x0000000787700000| PB 0x0000000787700000| Untracked 
| 120|0x0000000787800000, 0x0000000787800000, 0x0000000787900000|  0%| F|  |TAMS 0x0000000787800000| PB 0x0000000787800000| Untracked 
| 121|0x0000000787900000, 0x0000000787900000, 0x0000000787a00000|  0%| F|  |TAMS 0x0000000787900000| PB 0x0000000787900000| Untracked 
| 122|0x0000000787a00000, 0x0000000787a00000, 0x0000000787b00000|  0%| F|  |TAMS 0x0000000787a00000| PB 0x0000000787a00000| Untracked 
| 123|0x0000000787b00000, 0x0000000787b00000, 0x0000000787c00000|  0%| F|  |TAMS 0x0000000787b00000| PB 0x0000000787b00000| Untracked 
| 124|0x0000000787c00000, 0x0000000787c00000, 0x0000000787d00000|  0%| F|  |TAMS 0x0000000787c00000| PB 0x0000000787c00000| Untracked 
| 125|0x0000000787d00000, 0x0000000787d00000, 0x0000000787e00000|  0%| F|  |TAMS 0x0000000787d00000| PB 0x0000000787d00000| Untracked 
| 126|0x0000000787e00000, 0x0000000787e00000, 0x0000000787f00000|  0%| F|  |TAMS 0x0000000787e00000| PB 0x0000000787e00000| Untracked 
| 127|0x0000000787f00000, 0x0000000787f00000, 0x0000000788000000|  0%| F|  |TAMS 0x0000000787f00000| PB 0x0000000787f00000| Untracked 
| 128|0x0000000788000000, 0x0000000788000000, 0x0000000788100000|  0%| F|  |TAMS 0x0000000788000000| PB 0x0000000788000000| Untracked 
| 129|0x0000000788100000, 0x0000000788100000, 0x0000000788200000|  0%| F|  |TAMS 0x0000000788100000| PB 0x0000000788100000| Untracked 
| 130|0x0000000788200000, 0x0000000788200000, 0x0000000788300000|  0%| F|  |TAMS 0x0000000788200000| PB 0x0000000788200000| Untracked 
| 131|0x0000000788300000, 0x0000000788300000, 0x0000000788400000|  0%| F|  |TAMS 0x0000000788300000| PB 0x0000000788300000| Untracked 
| 132|0x0000000788400000, 0x0000000788400000, 0x0000000788500000|  0%| F|  |TAMS 0x0000000788400000| PB 0x0000000788400000| Untracked 
| 133|0x0000000788500000, 0x0000000788500000, 0x0000000788600000|  0%| F|  |TAMS 0x0000000788500000| PB 0x0000000788500000| Untracked 
| 134|0x0000000788600000, 0x0000000788600000, 0x0000000788700000|  0%| F|  |TAMS 0x0000000788600000| PB 0x0000000788600000| Untracked 
| 135|0x0000000788700000, 0x0000000788700000, 0x0000000788800000|  0%| F|  |TAMS 0x0000000788700000| PB 0x0000000788700000| Untracked 
| 136|0x0000000788800000, 0x0000000788800000, 0x0000000788900000|  0%| F|  |TAMS 0x0000000788800000| PB 0x0000000788800000| Untracked 
| 137|0x0000000788900000, 0x0000000788900000, 0x0000000788a00000|  0%| F|  |TAMS 0x0000000788900000| PB 0x0000000788900000| Untracked 
| 138|0x0000000788a00000, 0x0000000788a00000, 0x0000000788b00000|  0%| F|  |TAMS 0x0000000788a00000| PB 0x0000000788a00000| Untracked 
| 139|0x0000000788b00000, 0x0000000788b00000, 0x0000000788c00000|  0%| F|  |TAMS 0x0000000788b00000| PB 0x0000000788b00000| Untracked 
| 140|0x0000000788c00000, 0x0000000788c00000, 0x0000000788d00000|  0%| F|  |TAMS 0x0000000788c00000| PB 0x0000000788c00000| Untracked 
| 141|0x0000000788d00000, 0x0000000788d00000, 0x0000000788e00000|  0%| F|  |TAMS 0x0000000788d00000| PB 0x0000000788d00000| Untracked 
| 142|0x0000000788e00000, 0x0000000788e00000, 0x0000000788f00000|  0%| F|  |TAMS 0x0000000788e00000| PB 0x0000000788e00000| Untracked 
| 143|0x0000000788f00000, 0x0000000788f00000, 0x0000000789000000|  0%| F|  |TAMS 0x0000000788f00000| PB 0x0000000788f00000| Untracked 
| 144|0x0000000789000000, 0x0000000789000000, 0x0000000789100000|  0%| F|  |TAMS 0x0000000789000000| PB 0x0000000789000000| Untracked 
| 145|0x0000000789100000, 0x0000000789100000, 0x0000000789200000|  0%| F|  |TAMS 0x0000000789100000| PB 0x0000000789100000| Untracked 
| 146|0x0000000789200000, 0x0000000789200000, 0x0000000789300000|  0%| F|  |TAMS 0x0000000789200000| PB 0x0000000789200000| Untracked 
| 147|0x0000000789300000, 0x0000000789300000, 0x0000000789400000|  0%| F|  |TAMS 0x0000000789300000| PB 0x0000000789300000| Untracked 
| 148|0x0000000789400000, 0x0000000789400000, 0x0000000789500000|  0%| F|  |TAMS 0x0000000789400000| PB 0x0000000789400000| Untracked 
| 149|0x0000000789500000, 0x0000000789500000, 0x0000000789600000|  0%| F|  |TAMS 0x0000000789500000| PB 0x0000000789500000| Untracked 
| 150|0x0000000789600000, 0x0000000789600000, 0x0000000789700000|  0%| F|  |TAMS 0x0000000789600000| PB 0x0000000789600000| Untracked 
| 151|0x0000000789700000, 0x0000000789700000, 0x0000000789800000|  0%| F|  |TAMS 0x0000000789700000| PB 0x0000000789700000| Untracked 
| 152|0x0000000789800000, 0x0000000789800000, 0x0000000789900000|  0%| F|  |TAMS 0x0000000789800000| PB 0x0000000789800000| Untracked 
| 153|0x0000000789900000, 0x0000000789900000, 0x0000000789a00000|  0%| F|  |TAMS 0x0000000789900000| PB 0x0000000789900000| Untracked 
| 154|0x0000000789a00000, 0x0000000789a00000, 0x0000000789b00000|  0%| F|  |TAMS 0x0000000789a00000| PB 0x0000000789a00000| Untracked 
| 155|0x0000000789b00000, 0x0000000789b00000, 0x0000000789c00000|  0%| F|  |TAMS 0x0000000789b00000| PB 0x0000000789b00000| Untracked 
| 156|0x0000000789c00000, 0x0000000789c00000, 0x0000000789d00000|  0%| F|  |TAMS 0x0000000789c00000| PB 0x0000000789c00000| Untracked 
| 157|0x0000000789d00000, 0x0000000789d00000, 0x0000000789e00000|  0%| F|  |TAMS 0x0000000789d00000| PB 0x0000000789d00000| Untracked 
| 158|0x0000000789e00000, 0x0000000789e00000, 0x0000000789f00000|  0%| F|  |TAMS 0x0000000789e00000| PB 0x0000000789e00000| Untracked 
| 159|0x0000000789f00000, 0x0000000789f00000, 0x000000078a000000|  0%| F|  |TAMS 0x0000000789f00000| PB 0x0000000789f00000| Untracked 
| 160|0x000000078a000000, 0x000000078a000000, 0x000000078a100000|  0%| F|  |TAMS 0x000000078a000000| PB 0x000000078a000000| Untracked 
| 161|0x000000078a100000, 0x000000078a100000, 0x000000078a200000|  0%| F|  |TAMS 0x000000078a100000| PB 0x000000078a100000| Untracked 
| 162|0x000000078a200000, 0x000000078a200000, 0x000000078a300000|  0%| F|  |TAMS 0x000000078a200000| PB 0x000000078a200000| Untracked 
| 163|0x000000078a300000, 0x000000078a300000, 0x000000078a400000|  0%| F|  |TAMS 0x000000078a300000| PB 0x000000078a300000| Untracked 
| 164|0x000000078a400000, 0x000000078a400000, 0x000000078a500000|  0%| F|  |TAMS 0x000000078a400000| PB 0x000000078a400000| Untracked 
| 165|0x000000078a500000, 0x000000078a500000, 0x000000078a600000|  0%| F|  |TAMS 0x000000078a500000| PB 0x000000078a500000| Untracked 
| 166|0x000000078a600000, 0x000000078a600000, 0x000000078a700000|  0%| F|  |TAMS 0x000000078a600000| PB 0x000000078a600000| Untracked 
| 167|0x000000078a700000, 0x000000078a700000, 0x000000078a800000|  0%| F|  |TAMS 0x000000078a700000| PB 0x000000078a700000| Untracked 
| 168|0x000000078a800000, 0x000000078a800000, 0x000000078a900000|  0%| F|  |TAMS 0x000000078a800000| PB 0x000000078a800000| Untracked 
| 169|0x000000078a900000, 0x000000078a900000, 0x000000078aa00000|  0%| F|  |TAMS 0x000000078a900000| PB 0x000000078a900000| Untracked 
| 170|0x000000078aa00000, 0x000000078aa00000, 0x000000078ab00000|  0%| F|  |TAMS 0x000000078aa00000| PB 0x000000078aa00000| Untracked 
| 171|0x000000078ab00000, 0x000000078ab00000, 0x000000078ac00000|  0%| F|  |TAMS 0x000000078ab00000| PB 0x000000078ab00000| Untracked 
| 172|0x000000078ac00000, 0x000000078ac00000, 0x000000078ad00000|  0%| F|  |TAMS 0x000000078ac00000| PB 0x000000078ac00000| Untracked 
| 173|0x000000078ad00000, 0x000000078ad00000, 0x000000078ae00000|  0%| F|  |TAMS 0x000000078ad00000| PB 0x000000078ad00000| Untracked 
| 174|0x000000078ae00000, 0x000000078ae00000, 0x000000078af00000|  0%| F|  |TAMS 0x000000078ae00000| PB 0x000000078ae00000| Untracked 
| 175|0x000000078af00000, 0x000000078af00000, 0x000000078b000000|  0%| F|  |TAMS 0x000000078af00000| PB 0x000000078af00000| Untracked 
| 176|0x000000078b000000, 0x000000078b000000, 0x000000078b100000|  0%| F|  |TAMS 0x000000078b000000| PB 0x000000078b000000| Untracked 
| 177|0x000000078b100000, 0x000000078b100000, 0x000000078b200000|  0%| F|  |TAMS 0x000000078b100000| PB 0x000000078b100000| Untracked 
| 178|0x000000078b200000, 0x000000078b200000, 0x000000078b300000|  0%| F|  |TAMS 0x000000078b200000| PB 0x000000078b200000| Untracked 
| 179|0x000000078b300000, 0x000000078b300000, 0x000000078b400000|  0%| F|  |TAMS 0x000000078b300000| PB 0x000000078b300000| Untracked 
| 180|0x000000078b400000, 0x000000078b400000, 0x000000078b500000|  0%| F|  |TAMS 0x000000078b400000| PB 0x000000078b400000| Untracked 
| 181|0x000000078b500000, 0x000000078b500000, 0x000000078b600000|  0%| F|  |TAMS 0x000000078b500000| PB 0x000000078b500000| Untracked 
| 182|0x000000078b600000, 0x000000078b600000, 0x000000078b700000|  0%| F|  |TAMS 0x000000078b600000| PB 0x000000078b600000| Untracked 
| 183|0x000000078b700000, 0x000000078b700000, 0x000000078b800000|  0%| F|  |TAMS 0x000000078b700000| PB 0x000000078b700000| Untracked 
| 184|0x000000078b800000, 0x000000078b800000, 0x000000078b900000|  0%| F|  |TAMS 0x000000078b800000| PB 0x000000078b800000| Untracked 
| 185|0x000000078b900000, 0x000000078b900000, 0x000000078ba00000|  0%| F|  |TAMS 0x000000078b900000| PB 0x000000078b900000| Untracked 
| 186|0x000000078ba00000, 0x000000078ba00000, 0x000000078bb00000|  0%| F|  |TAMS 0x000000078ba00000| PB 0x000000078ba00000| Untracked 
| 187|0x000000078bb00000, 0x000000078bb00000, 0x000000078bc00000|  0%| F|  |TAMS 0x000000078bb00000| PB 0x000000078bb00000| Untracked 
| 188|0x000000078bc00000, 0x000000078bc00000, 0x000000078bd00000|  0%| F|  |TAMS 0x000000078bc00000| PB 0x000000078bc00000| Untracked 
| 189|0x000000078bd00000, 0x000000078bd00000, 0x000000078be00000|  0%| F|  |TAMS 0x000000078bd00000| PB 0x000000078bd00000| Untracked 
| 190|0x000000078be00000, 0x000000078be00000, 0x000000078bf00000|  0%| F|  |TAMS 0x000000078be00000| PB 0x000000078be00000| Untracked 
| 191|0x000000078bf00000, 0x000000078bf00000, 0x000000078c000000|  0%| F|  |TAMS 0x000000078bf00000| PB 0x000000078bf00000| Untracked 
| 192|0x000000078c000000, 0x000000078c000000, 0x000000078c100000|  0%| F|  |TAMS 0x000000078c000000| PB 0x000000078c000000| Untracked 
| 193|0x000000078c100000, 0x000000078c100000, 0x000000078c200000|  0%| F|  |TAMS 0x000000078c100000| PB 0x000000078c100000| Untracked 
| 194|0x000000078c200000, 0x000000078c200000, 0x000000078c300000|  0%| F|  |TAMS 0x000000078c200000| PB 0x000000078c200000| Untracked 
| 195|0x000000078c300000, 0x000000078c300000, 0x000000078c400000|  0%| F|  |TAMS 0x000000078c300000| PB 0x000000078c300000| Untracked 
| 196|0x000000078c400000, 0x000000078c400000, 0x000000078c500000|  0%| F|  |TAMS 0x000000078c400000| PB 0x000000078c400000| Untracked 
| 197|0x000000078c500000, 0x000000078c500000, 0x000000078c600000|  0%| F|  |TAMS 0x000000078c500000| PB 0x000000078c500000| Untracked 
| 198|0x000000078c600000, 0x000000078c600000, 0x000000078c700000|  0%| F|  |TAMS 0x000000078c600000| PB 0x000000078c600000| Untracked 
| 199|0x000000078c700000, 0x000000078c700000, 0x000000078c800000|  0%| F|  |TAMS 0x000000078c700000| PB 0x000000078c700000| Untracked 
| 200|0x000000078c800000, 0x000000078c800000, 0x000000078c900000|  0%| F|  |TAMS 0x000000078c800000| PB 0x000000078c800000| Untracked 
| 201|0x000000078c900000, 0x000000078c900000, 0x000000078ca00000|  0%| F|  |TAMS 0x000000078c900000| PB 0x000000078c900000| Untracked 
| 202|0x000000078ca00000, 0x000000078ca00000, 0x000000078cb00000|  0%| F|  |TAMS 0x000000078ca00000| PB 0x000000078ca00000| Untracked 
| 203|0x000000078cb00000, 0x000000078cb00000, 0x000000078cc00000|  0%| F|  |TAMS 0x000000078cb00000| PB 0x000000078cb00000| Untracked 
| 204|0x000000078cc00000, 0x000000078cc00000, 0x000000078cd00000|  0%| F|  |TAMS 0x000000078cc00000| PB 0x000000078cc00000| Untracked 
| 205|0x000000078cd00000, 0x000000078cd00000, 0x000000078ce00000|  0%| F|  |TAMS 0x000000078cd00000| PB 0x000000078cd00000| Untracked 
| 206|0x000000078ce00000, 0x000000078ce00000, 0x000000078cf00000|  0%| F|  |TAMS 0x000000078ce00000| PB 0x000000078ce00000| Untracked 
| 207|0x000000078cf00000, 0x000000078cf00000, 0x000000078d000000|  0%| F|  |TAMS 0x000000078cf00000| PB 0x000000078cf00000| Untracked 
| 208|0x000000078d000000, 0x000000078d000000, 0x000000078d100000|  0%| F|  |TAMS 0x000000078d000000| PB 0x000000078d000000| Untracked 
| 209|0x000000078d100000, 0x000000078d100000, 0x000000078d200000|  0%| F|  |TAMS 0x000000078d100000| PB 0x000000078d100000| Untracked 
| 210|0x000000078d200000, 0x000000078d200000, 0x000000078d300000|  0%| F|  |TAMS 0x000000078d200000| PB 0x000000078d200000| Untracked 
| 211|0x000000078d300000, 0x000000078d300000, 0x000000078d400000|  0%| F|  |TAMS 0x000000078d300000| PB 0x000000078d300000| Untracked 
| 212|0x000000078d400000, 0x000000078d400000, 0x000000078d500000|  0%| F|  |TAMS 0x000000078d400000| PB 0x000000078d400000| Untracked 
| 213|0x000000078d500000, 0x000000078d500000, 0x000000078d600000|  0%| F|  |TAMS 0x000000078d500000| PB 0x000000078d500000| Untracked 
| 214|0x000000078d600000, 0x000000078d600000, 0x000000078d700000|  0%| F|  |TAMS 0x000000078d600000| PB 0x000000078d600000| Untracked 
| 215|0x000000078d700000, 0x000000078d700000, 0x000000078d800000|  0%| F|  |TAMS 0x000000078d700000| PB 0x000000078d700000| Untracked 
| 216|0x000000078d800000, 0x000000078d800000, 0x000000078d900000|  0%| F|  |TAMS 0x000000078d800000| PB 0x000000078d800000| Untracked 
| 217|0x000000078d900000, 0x000000078d900000, 0x000000078da00000|  0%| F|  |TAMS 0x000000078d900000| PB 0x000000078d900000| Untracked 
| 218|0x000000078da00000, 0x000000078da00000, 0x000000078db00000|  0%| F|  |TAMS 0x000000078da00000| PB 0x000000078da00000| Untracked 
| 219|0x000000078db00000, 0x000000078db00000, 0x000000078dc00000|  0%| F|  |TAMS 0x000000078db00000| PB 0x000000078db00000| Untracked 
| 220|0x000000078dc00000, 0x000000078dc00000, 0x000000078dd00000|  0%| F|  |TAMS 0x000000078dc00000| PB 0x000000078dc00000| Untracked 
| 221|0x000000078dd00000, 0x000000078dd00000, 0x000000078de00000|  0%| F|  |TAMS 0x000000078dd00000| PB 0x000000078dd00000| Untracked 
| 222|0x000000078de00000, 0x000000078de00000, 0x000000078df00000|  0%| F|  |TAMS 0x000000078de00000| PB 0x000000078de00000| Untracked 
| 223|0x000000078df00000, 0x000000078df00000, 0x000000078e000000|  0%| F|  |TAMS 0x000000078df00000| PB 0x000000078df00000| Untracked 
| 224|0x000000078e000000, 0x000000078e000000, 0x000000078e100000|  0%| F|  |TAMS 0x000000078e000000| PB 0x000000078e000000| Untracked 
| 225|0x000000078e100000, 0x000000078e100000, 0x000000078e200000|  0%| F|  |TAMS 0x000000078e100000| PB 0x000000078e100000| Untracked 
| 226|0x000000078e200000, 0x000000078e200000, 0x000000078e300000|  0%| F|  |TAMS 0x000000078e200000| PB 0x000000078e200000| Untracked 
| 227|0x000000078e300000, 0x000000078e300000, 0x000000078e400000|  0%| F|  |TAMS 0x000000078e300000| PB 0x000000078e300000| Untracked 
| 228|0x000000078e400000, 0x000000078e400000, 0x000000078e500000|  0%| F|  |TAMS 0x000000078e400000| PB 0x000000078e400000| Untracked 
| 229|0x000000078e500000, 0x000000078e500000, 0x000000078e600000|  0%| F|  |TAMS 0x000000078e500000| PB 0x000000078e500000| Untracked 
| 230|0x000000078e600000, 0x000000078e600000, 0x000000078e700000|  0%| F|  |TAMS 0x000000078e600000| PB 0x000000078e600000| Untracked 
| 231|0x000000078e700000, 0x000000078e700000, 0x000000078e800000|  0%| F|  |TAMS 0x000000078e700000| PB 0x000000078e700000| Untracked 
| 232|0x000000078e800000, 0x000000078e800000, 0x000000078e900000|  0%| F|  |TAMS 0x000000078e800000| PB 0x000000078e800000| Untracked 
| 233|0x000000078e900000, 0x000000078e900000, 0x000000078ea00000|  0%| F|  |TAMS 0x000000078e900000| PB 0x000000078e900000| Untracked 
| 234|0x000000078ea00000, 0x000000078ea00000, 0x000000078eb00000|  0%| F|  |TAMS 0x000000078ea00000| PB 0x000000078ea00000| Untracked 
| 235|0x000000078eb00000, 0x000000078eb00000, 0x000000078ec00000|  0%| F|  |TAMS 0x000000078eb00000| PB 0x000000078eb00000| Untracked 
| 236|0x000000078ec00000, 0x000000078ec00000, 0x000000078ed00000|  0%| F|  |TAMS 0x000000078ec00000| PB 0x000000078ec00000| Untracked 
| 237|0x000000078ed00000, 0x000000078ed00000, 0x000000078ee00000|  0%| F|  |TAMS 0x000000078ed00000| PB 0x000000078ed00000| Untracked 
| 238|0x000000078ee00000, 0x000000078ee00000, 0x000000078ef00000|  0%| F|  |TAMS 0x000000078ee00000| PB 0x000000078ee00000| Untracked 
| 239|0x000000078ef00000, 0x000000078ef00000, 0x000000078f000000|  0%| F|  |TAMS 0x000000078ef00000| PB 0x000000078ef00000| Untracked 
| 240|0x000000078f000000, 0x000000078f000000, 0x000000078f100000|  0%| F|  |TAMS 0x000000078f000000| PB 0x000000078f000000| Untracked 
| 241|0x000000078f100000, 0x000000078f100000, 0x000000078f200000|  0%| F|  |TAMS 0x000000078f100000| PB 0x000000078f100000| Untracked 
| 242|0x000000078f200000, 0x000000078f200000, 0x000000078f300000|  0%| F|  |TAMS 0x000000078f200000| PB 0x000000078f200000| Untracked 
| 243|0x000000078f300000, 0x000000078f300000, 0x000000078f400000|  0%| F|  |TAMS 0x000000078f300000| PB 0x000000078f300000| Untracked 
| 244|0x000000078f400000, 0x000000078f400000, 0x000000078f500000|  0%| F|  |TAMS 0x000000078f400000| PB 0x000000078f400000| Untracked 
| 245|0x000000078f500000, 0x000000078f500000, 0x000000078f600000|  0%| F|  |TAMS 0x000000078f500000| PB 0x000000078f500000| Untracked 
| 246|0x000000078f600000, 0x000000078f600000, 0x000000078f700000|  0%| F|  |TAMS 0x000000078f600000| PB 0x000000078f600000| Untracked 
| 247|0x000000078f700000, 0x000000078f700000, 0x000000078f800000|  0%| F|  |TAMS 0x000000078f700000| PB 0x000000078f700000| Untracked 
| 248|0x000000078f800000, 0x000000078f800000, 0x000000078f900000|  0%| F|  |TAMS 0x000000078f800000| PB 0x000000078f800000| Untracked 
| 249|0x000000078f900000, 0x000000078f900000, 0x000000078fa00000|  0%| F|  |TAMS 0x000000078f900000| PB 0x000000078f900000| Untracked 
| 250|0x000000078fa00000, 0x000000078fa00000, 0x000000078fb00000|  0%| F|  |TAMS 0x000000078fa00000| PB 0x000000078fa00000| Untracked 
| 251|0x000000078fb00000, 0x000000078fb00000, 0x000000078fc00000|  0%| F|  |TAMS 0x000000078fb00000| PB 0x000000078fb00000| Untracked 
| 252|0x000000078fc00000, 0x000000078fc00000, 0x000000078fd00000|  0%| F|  |TAMS 0x000000078fc00000| PB 0x000000078fc00000| Untracked 
| 253|0x000000078fd00000, 0x000000078fd00000, 0x000000078fe00000|  0%| F|  |TAMS 0x000000078fd00000| PB 0x000000078fd00000| Untracked 
| 254|0x000000078fe00000, 0x000000078fe00000, 0x000000078ff00000|  0%| F|  |TAMS 0x000000078fe00000| PB 0x000000078fe00000| Untracked 
| 255|0x000000078ff00000, 0x000000078ff00000, 0x0000000790000000|  0%| F|  |TAMS 0x000000078ff00000| PB 0x000000078ff00000| Untracked 
| 256|0x0000000790000000, 0x0000000790000000, 0x0000000790100000|  0%| F|  |TAMS 0x0000000790000000| PB 0x0000000790000000| Untracked 
| 257|0x0000000790100000, 0x0000000790100000, 0x0000000790200000|  0%| F|  |TAMS 0x0000000790100000| PB 0x0000000790100000| Untracked 
| 258|0x0000000790200000, 0x0000000790200000, 0x0000000790300000|  0%| F|  |TAMS 0x0000000790200000| PB 0x0000000790200000| Untracked 
| 259|0x0000000790300000, 0x0000000790300000, 0x0000000790400000|  0%| F|  |TAMS 0x0000000790300000| PB 0x0000000790300000| Untracked 
| 260|0x0000000790400000, 0x0000000790400000, 0x0000000790500000|  0%| F|  |TAMS 0x0000000790400000| PB 0x0000000790400000| Untracked 
| 261|0x0000000790500000, 0x0000000790500000, 0x0000000790600000|  0%| F|  |TAMS 0x0000000790500000| PB 0x0000000790500000| Untracked 
| 262|0x0000000790600000, 0x0000000790600000, 0x0000000790700000|  0%| F|  |TAMS 0x0000000790600000| PB 0x0000000790600000| Untracked 
| 263|0x0000000790700000, 0x0000000790700000, 0x0000000790800000|  0%| F|  |TAMS 0x0000000790700000| PB 0x0000000790700000| Untracked 
| 264|0x0000000790800000, 0x0000000790800000, 0x0000000790900000|  0%| F|  |TAMS 0x0000000790800000| PB 0x0000000790800000| Untracked 
| 265|0x0000000790900000, 0x0000000790900000, 0x0000000790a00000|  0%| F|  |TAMS 0x0000000790900000| PB 0x0000000790900000| Untracked 
| 266|0x0000000790a00000, 0x0000000790a00000, 0x0000000790b00000|  0%| F|  |TAMS 0x0000000790a00000| PB 0x0000000790a00000| Untracked 
| 267|0x0000000790b00000, 0x0000000790b00000, 0x0000000790c00000|  0%| F|  |TAMS 0x0000000790b00000| PB 0x0000000790b00000| Untracked 
| 268|0x0000000790c00000, 0x0000000790c00000, 0x0000000790d00000|  0%| F|  |TAMS 0x0000000790c00000| PB 0x0000000790c00000| Untracked 
| 269|0x0000000790d00000, 0x0000000790d00000, 0x0000000790e00000|  0%| F|  |TAMS 0x0000000790d00000| PB 0x0000000790d00000| Untracked 
| 270|0x0000000790e00000, 0x0000000790e00000, 0x0000000790f00000|  0%| F|  |TAMS 0x0000000790e00000| PB 0x0000000790e00000| Untracked 
| 271|0x0000000790f00000, 0x0000000790f00000, 0x0000000791000000|  0%| F|  |TAMS 0x0000000790f00000| PB 0x0000000790f00000| Untracked 
| 272|0x0000000791000000, 0x0000000791000000, 0x0000000791100000|  0%| F|  |TAMS 0x0000000791000000| PB 0x0000000791000000| Untracked 
| 273|0x0000000791100000, 0x0000000791100000, 0x0000000791200000|  0%| F|  |TAMS 0x0000000791100000| PB 0x0000000791100000| Untracked 
| 274|0x0000000791200000, 0x0000000791200000, 0x0000000791300000|  0%| F|  |TAMS 0x0000000791200000| PB 0x0000000791200000| Untracked 
| 275|0x0000000791300000, 0x0000000791300000, 0x0000000791400000|  0%| F|  |TAMS 0x0000000791300000| PB 0x0000000791300000| Untracked 
| 276|0x0000000791400000, 0x00000007914bf200, 0x0000000791500000| 74%| E|  |TAMS 0x0000000791400000| PB 0x0000000791400000| Complete 
| 277|0x0000000791500000, 0x0000000791600000, 0x0000000791600000|100%| E|CS|TAMS 0x0000000791500000| PB 0x0000000791500000| Complete 
|2046|0x00000007ffe00000, 0x00000007fff00000, 0x00000007fff00000|100%| O|  |TAMS 0x00000007ffe00000| PB 0x00000007ffe00000| Untracked 
|2047|0x00000007fff00000, 0x00000007fff0acc0, 0x0000000800000000|  4%| O|  |TAMS 0x00000007fff00000| PB 0x00000007fff00000| Untracked 

Card table byte_map: [0x0000000103400000,0x0000000103800000] _byte_map_base: 0x00000000ff800000

Marking Bits: (CMBitMap*) 0x0000000102808a10
 Bits: [0x0000000104940000, 0x0000000106940000)

Polling page: 0x0000000102428000

Metaspace:

Usage:
  Non-class:     15.66 MB used.
      Class:      2.61 MB used.
       Both:     18.27 MB used.

Virtual space:
  Non-class space:       64.00 MB reserved,      15.88 MB ( 25%) committed,  1 nodes.
      Class space:        1.00 GB reserved,       2.81 MB ( <1%) committed,  1 nodes.
             Both:        1.06 GB reserved,      18.69 MB (  2%) committed. 

Chunk freelists:
   Non-Class:  15.70 MB
       Class:  13.17 MB
        Both:  28.88 MB

MaxMetaspaceSize: unlimited
CompressedClassSpaceSize: 1.00 GB
Initial GC threshold: 21.00 MB
Current GC threshold: 21.00 MB
CDS: on
 - commit_granule_bytes: 65536.
 - commit_granule_words: 8192.
 - virtual_space_node_default_size: 8388608.
 - enlarge_chunks_in_place: 1.
 - use_allocation_guard: 0.


Internal statistics:

num_allocs_failed_limit: 0.
num_arena_births: 394.
num_arena_deaths: 0.
num_vsnodes_births: 2.
num_vsnodes_deaths: 0.
num_space_committed: 299.
num_space_uncommitted: 0.
num_chunks_returned_to_freelist: 0.
num_chunks_taken_from_freelist: 1036.
num_chunk_merges: 0.
num_chunk_splits: 699.
num_chunks_enlarged: 505.
num_inconsistent_stats: 0.

CodeHeap 'non-profiled nmethods': size=120032Kb used=2505Kb max_used=2505Kb free=117526Kb
 bounds [0x0000000147ac8000, 0x0000000147d48000, 0x000000014f000000]
CodeHeap 'profiled nmethods': size=120016Kb used=9370Kb max_used=9370Kb free=110645Kb
 bounds [0x0000000140000000, 0x0000000140930000, 0x0000000147534000]
CodeHeap 'non-nmethods': size=5712Kb used=1647Kb max_used=1717Kb free=4064Kb
 bounds [0x0000000147534000, 0x00000001477a4000, 0x0000000147ac8000]
 total_blobs=5349 nmethods=4516 adapters=739
 compilation: enabled
              stopped_count=0, restarted_count=0
 full_count=0

Compilation events (20 events):
Event: 32.883 Thread 0x0000000120824000 4786       3       javafx.scene.paint.Color::color (14 bytes)
Event: 32.883 Thread 0x0000000120824000 nmethod 4786 0x0000000140923c90 code [0x0000000140923e40, 0x0000000140923fc8]
Event: 32.883 Thread 0x0000000128035c00 4792       4       java.util.Collections$UnmodifiableSet::hashCode (10 bytes)
Event: 32.883 Thread 0x0000000128035c00 nmethod 4792 0x0000000147d33810 code [0x0000000147d33980, 0x0000000147d33a48]
Event: 32.884 Thread 0x0000000120824000 4793       3       javafx.scene.CssStyleHelper::updateParentTriggerStates (126 bytes)
Event: 32.886 Thread 0x0000000120824000 nmethod 4793 0x0000000140924110 code [0x0000000140924400, 0x00000001409251d0]
Event: 32.886 Thread 0x0000000120824000 4794       3       com.sun.javafx.css.StyleManager$Key::equals (99 bytes)
Event: 32.887 Thread 0x0000000120824000 nmethod 4794 0x0000000140925710 code [0x0000000140925980, 0x00000001409260b8]
Event: 32.887 Thread 0x0000000120824000 4795       3       com.sun.javafx.css.StyleClassSet::clear (5 bytes)
Event: 32.887 Thread 0x0000000120824000 nmethod 4795 0x0000000140926290 code [0x0000000140926440, 0x00000001409265b0]
Event: 33.581 Thread 0x0000000128035c00 4796   !   4       javafx.scene.media.MediaPlayer$RendererListener::pulse (170 bytes)
Event: 33.631 Thread 0x0000000128035c00 nmethod 4796 0x0000000147d33b10 code [0x0000000147d33d80, 0x0000000147d34be8]
Event: 34.379 Thread 0x0000000128035c00 4797       4       java.util.WeakHashMap::<init> (124 bytes)
Event: 34.398 Thread 0x0000000128035c00 nmethod 4797 0x0000000147d35210 code [0x0000000147d35400, 0x0000000147d35cd8]
Event: 34.745 Thread 0x0000000128035c00 4798       4       java.util.WeakHashMap::putAll (135 bytes)
Event: 34.779 Thread 0x0000000128035c00 nmethod 4798 0x0000000147d36010 code [0x0000000147d36400, 0x0000000147d37f60]
Event: 34.992 Thread 0x0000000128035c00 4799       4       java.util.concurrent.LinkedBlockingDeque::unlinkFirst (74 bytes)
Event: 34.999 Thread 0x0000000128035c00 nmethod 4799 0x0000000147d39610 code [0x0000000147d39800, 0x0000000147d3a190]
Event: 35.630 Thread 0x0000000120824000 4800       3       java.lang.ref.Reference::enqueueFromPending (19 bytes)
Event: 35.631 Thread 0x0000000120824000 nmethod 4800 0x0000000140926690 code [0x0000000140926840, 0x0000000140926aa0]

GC Heap History (12 events):
Event: 2.269 GC heap before
{Heap before GC invocations=0 (full 0):
 garbage-first heap   total 133120K, used 23595K [0x0000000780000000, 0x0000000800000000)
  region size 1024K, 23 young (23552K), 0 survivors (0K)
 Metaspace       used 9120K, committed 9344K, reserved 1114112K
  class space    used 1165K, committed 1280K, reserved 1048576K
}
Event: 2.272 GC heap after
{Heap after GC invocations=1 (full 0):
 garbage-first heap   total 133120K, used 6489K [0x0000000780000000, 0x0000000800000000)
  region size 1024K, 3 young (3072K), 3 survivors (3072K)
 Metaspace       used 9120K, committed 9344K, reserved 1114112K
  class space    used 1165K, committed 1280K, reserved 1048576K
}
Event: 3.074 GC heap before
{Heap before GC invocations=1 (full 0):
 garbage-first heap   total 133120K, used 52569K [0x0000000780000000, 0x0000000800000000)
  region size 1024K, 29 young (29696K), 3 survivors (3072K)
 Metaspace       used 15640K, committed 15936K, reserved 1114112K
  class space    used 2451K, committed 2624K, reserved 1048576K
}
Event: 3.079 GC heap after
{Heap after GC invocations=2 (full 0):
 garbage-first heap   total 133120K, used 33200K [0x0000000780000000, 0x0000000800000000)
  region size 1024K, 5 young (5120K), 5 survivors (5120K)
 Metaspace       used 15640K, committed 15936K, reserved 1114112K
  class space    used 2451K, committed 2624K, reserved 1048576K
}
Event: 3.599 GC heap before
{Heap before GC invocations=2 (full 0):
 garbage-first heap   total 286720K, used 221616K [0x0000000780000000, 0x0000000800000000)
  region size 1024K, 11 young (11264K), 5 survivors (5120K)
 Metaspace       used 16996K, committed 17344K, reserved 1114112K
  class space    used 2608K, committed 2752K, reserved 1048576K
}
Event: 3.602 GC heap after
{Heap after GC invocations=3 (full 0):
 garbage-first heap   total 286720K, used 34433K [0x0000000780000000, 0x0000000800000000)
  region size 1024K, 2 young (2048K), 2 survivors (2048K)
 Metaspace       used 16996K, committed 17344K, reserved 1114112K
  class space    used 2608K, committed 2752K, reserved 1048576K
}
Event: 12.717 GC heap before
{Heap before GC invocations=3 (full 0):
 garbage-first heap   total 286720K, used 184961K [0x0000000780000000, 0x0000000800000000)
  region size 1024K, 140 young (143360K), 2 survivors (2048K)
 Metaspace       used 18497K, committed 18816K, reserved 1114112K
  class space    used 2673K, committed 2816K, reserved 1048576K
}
Event: 12.724 GC heap after
{Heap after GC invocations=4 (full 0):
 garbage-first heap   total 286720K, used 44337K [0x0000000780000000, 0x0000000800000000)
  region size 1024K, 2 young (2048K), 2 survivors (2048K)
 Metaspace       used 18497K, committed 18816K, reserved 1114112K
  class space    used 2673K, committed 2816K, reserved 1048576K
}
Event: 23.970 GC heap before
{Heap before GC invocations=4 (full 0):
 garbage-first heap   total 286720K, used 214321K [0x0000000780000000, 0x0000000800000000)
  region size 1024K, 168 young (172032K), 2 survivors (2048K)
 Metaspace       used 18653K, committed 19008K, reserved 1114112K
  class space    used 2675K, committed 2880K, reserved 1048576K
}
Event: 23.981 GC heap after
{Heap after GC invocations=5 (full 0):
 garbage-first heap   total 286720K, used 44201K [0x0000000780000000, 0x0000000800000000)
  region size 1024K, 2 young (2048K), 2 survivors (2048K)
 Metaspace       used 18653K, committed 19008K, reserved 1114112K
  class space    used 2675K, committed 2880K, reserved 1048576K
}
Event: 35.618 GC heap before
{Heap before GC invocations=5 (full 0):
 garbage-first heap   total 286720K, used 214185K [0x0000000780000000, 0x0000000800000000)
  region size 1024K, 168 young (172032K), 2 survivors (2048K)
 Metaspace       used 18711K, committed 19136K, reserved 1114112K
  class space    used 2675K, committed 2880K, reserved 1048576K
}
Event: 35.630 GC heap after
{Heap after GC invocations=6 (full 0):
 garbage-first heap   total 286720K, used 44310K [0x0000000780000000, 0x0000000800000000)
  region size 1024K, 2 young (2048K), 2 survivors (2048K)
 Metaspace       used 18711K, committed 19136K, reserved 1114112K
  class space    used 2675K, committed 2880K, reserved 1048576K
}

Dll operation events (20 events):
Event: 0.147 Loaded shared library /Library/Java/JavaVirtualMachines/jdk-21.jdk/Contents/Home/lib/libinstrument.dylib
Event: 0.151 Loaded shared library /Library/Java/JavaVirtualMachines/jdk-21.jdk/Contents/Home/lib/libnio.dylib
Event: 0.154 Loaded shared library /Library/Java/JavaVirtualMachines/jdk-21.jdk/Contents/Home/lib/libzip.dylib
Event: 0.197 Loaded shared library /Library/Java/JavaVirtualMachines/jdk-21.jdk/Contents/Home/lib/libnet.dylib
Event: 0.206 Loaded shared library /Library/Java/JavaVirtualMachines/jdk-21.jdk/Contents/Home/lib/libextnet.dylib
Event: 0.262 Loaded shared library /Library/Java/JavaVirtualMachines/jdk-21.jdk/Contents/Home/lib/libjimage.dylib
Event: 0.366 Loading shared library /Users/kimngan/.m2/repository/org/openjfx/javafx-graphics/21/libprism_es2.dylib failed, dlopen(/Users/kimngan/.m2/repository/org/openjfx/javafx-graphics/21/libprism_es2.dylib, 0x0001): tried: '/Users/kimngan/.m2/repository/org/openj
Event: 0.404 Loaded shared library /Users/kimngan/.openjfx/cache/21+31/aarch64/libprism_es2.dylib
Event: 0.642 Loading shared library /Users/kimngan/.m2/repository/org/openjfx/javafx-graphics/21/libglass.dylib failed, dlopen(/Users/kimngan/.m2/repository/org/openjfx/javafx-graphics/21/libglass.dylib, 0x0001): tried: '/Users/kimngan/.m2/repository/org/openjfx/javaf
Event: 0.655 Loaded shared library /Users/kimngan/.openjfx/cache/21+31/aarch64/libglass.dylib
Event: 2.224 Loading shared library /Users/kimngan/.m2/repository/org/openjfx/javafx-graphics/21/libjavafx_font.dylib failed, dlopen(/Users/kimngan/.m2/repository/org/openjfx/javafx-graphics/21/libjavafx_font.dylib, 0x0001): tried: '/Users/kimngan/.m2/repository/org/o
Event: 2.229 Loaded shared library /Users/kimngan/.openjfx/cache/21+31/aarch64/libjavafx_font.dylib
Event: 2.567 Loading shared library /Users/kimngan/.m2/repository/org/openjfx/javafx-graphics/21/libglib-lite.dylib failed, dlopen(/Users/kimngan/.m2/repository/org/openjfx/javafx-graphics/21/libglib-lite.dylib, 0x0001): tried: '/Users/kimngan/.m2/repository/org/openj
Event: 2.579 Loaded shared library /Users/kimngan/.openjfx/cache/21+31/aarch64/libglib-lite.dylib
Event: 2.580 Loading shared library /Users/kimngan/.m2/repository/org/openjfx/javafx-graphics/21/libgstreamer-lite.dylib failed, dlopen(/Users/kimngan/.m2/repository/org/openjfx/javafx-graphics/21/libgstreamer-lite.dylib, 0x0001): tried: '/Users/kimngan/.m2/repository
Event: 2.595 Loaded shared library /Users/kimngan/.openjfx/cache/21+31/aarch64/libgstreamer-lite.dylib
Event: 2.595 Loading shared library /Users/kimngan/.m2/repository/org/openjfx/javafx-graphics/21/libjfxmedia.dylib failed, dlopen(/Users/kimngan/.m2/repository/org/openjfx/javafx-graphics/21/libjfxmedia.dylib, 0x0001): tried: '/Users/kimngan/.m2/repository/org/openjfx
Event: 2.619 Loaded shared library /Users/kimngan/.openjfx/cache/21+31/aarch64/libjfxmedia.dylib
Event: 2.621 Loading shared library /Users/kimngan/.m2/repository/org/openjfx/javafx-graphics/21/libjfxmedia_avf.dylib failed, dlopen(/Users/kimngan/.m2/repository/org/openjfx/javafx-graphics/21/libjfxmedia_avf.dylib, 0x0001): tried: '/Users/kimngan/.m2/repository/org
Event: 2.625 Loaded shared library /Users/kimngan/.openjfx/cache/21+31/aarch64/libjfxmedia_avf.dylib

Deoptimization events (20 events):
Event: 12.934 Thread 0x000000010293e200 Uncommon trap: trap_request=0xffffff45 fr.pc=0x0000000147bb56b0 relative=0x0000000000001370
Event: 12.934 Thread 0x000000010293e200 Uncommon trap: reason=unstable_if action=reinterpret pc=0x0000000147bb56b0 method=javafx.scene.CssStyleHelper.lookup(Ljavafx/css/Styleable;Ljavafx/css/CssMetaData;Lcom/sun/javafx/css/StyleMap;Ljava/util/Set;Ljavafx/css/Styleable;Lcom/sun/javafx/css/Calcul
Event: 12.934 Thread 0x000000010293e200 DEOPT PACKING pc=0x0000000147bb56b0 sp=0x000000016da6cd00
Event: 12.934 Thread 0x000000010293e200 DEOPT UNPACKING pc=0x000000014757701c sp=0x000000016da6cc80 mode 2
Event: 12.951 Thread 0x000000010285d400 Uncommon trap: trap_request=0xffffffd6 fr.pc=0x0000000147ce1d7c relative=0x000000000000197c
Event: 12.951 Thread 0x000000010285d400 Uncommon trap: reason=array_check action=maybe_recompile pc=0x0000000147ce1d7c method=com.sun.prism.impl.ps.BaseShaderContext.getPaintShader(ZLcom/sun/prism/impl/ps/BaseShaderContext$MaskType;Lcom/sun/prism/paint/Paint;)Lcom/sun/prism/ps/Shader; @ 197 c2
Event: 12.951 Thread 0x000000010285d400 DEOPT PACKING pc=0x0000000147ce1d7c sp=0x000000030061d820
Event: 12.951 Thread 0x000000010285d400 DEOPT UNPACKING pc=0x000000014757701c sp=0x000000030061d740 mode 2
Event: 17.798 Thread 0x000000010293e200 Uncommon trap: trap_request=0xffffff45 fr.pc=0x0000000147d136c8 relative=0x00000000000006c8
Event: 17.798 Thread 0x000000010293e200 Uncommon trap: reason=unstable_if action=reinterpret pc=0x0000000147d136c8 method=java.io.BufferedReader.implRead()I @ 12 c2
Event: 17.798 Thread 0x000000010293e200 DEOPT PACKING pc=0x0000000147d136c8 sp=0x000000016da6d490
Event: 17.798 Thread 0x000000010293e200 DEOPT UNPACKING pc=0x000000014757701c sp=0x000000016da6d330 mode 2
Event: 17.806 Thread 0x000000010293e200 Uncommon trap: trap_request=0xffffff45 fr.pc=0x0000000147b6da64 relative=0x0000000000000424
Event: 17.806 Thread 0x000000010293e200 Uncommon trap: reason=unstable_if action=reinterpret pc=0x0000000147b6da64 method=java.io.BufferedReader.implRead()I @ 12 c2
Event: 17.806 Thread 0x000000010293e200 DEOPT PACKING pc=0x0000000147b6da64 sp=0x000000016da6d1b0
Event: 17.806 Thread 0x000000010293e200 DEOPT UNPACKING pc=0x000000014757701c sp=0x000000016da6d0b0 mode 2
Event: 17.806 Thread 0x000000010293e200 Uncommon trap: trap_request=0xffffff45 fr.pc=0x0000000147b6e398 relative=0x00000000000000d8
Event: 17.806 Thread 0x000000010293e200 Uncommon trap: reason=unstable_if action=reinterpret pc=0x0000000147b6e398 method=java.io.BufferedReader.implRead()I @ 12 c2
Event: 17.806 Thread 0x000000010293e200 DEOPT PACKING pc=0x0000000147b6e398 sp=0x000000016da6d0c0
Event: 17.806 Thread 0x000000010293e200 DEOPT UNPACKING pc=0x000000014757701c sp=0x000000016da6d050 mode 2

Classes loaded (20 events):
Event: 3.573 Loading class jdk/internal/ref/CleanerImpl$InnocuousThreadFactory
Event: 3.573 Loading class jdk/internal/ref/CleanerImpl$InnocuousThreadFactory done
Event: 3.576 Loading class sun/misc/Unsafe
Event: 3.576 Loading class sun/misc/Unsafe done
Event: 3.577 Loading class java/lang/invoke/DirectMethodHandle$StaticAccessor
Event: 3.577 Loading class java/lang/invoke/DirectMethodHandle$StaticAccessor done
Event: 3.845 Loading class java/util/EnumMap$Values
Event: 3.846 Loading class java/util/EnumMap$Values done
Event: 3.846 Loading class java/util/EnumMap$ValueIterator
Event: 3.846 Loading class java/util/EnumMap$EnumMapIterator
Event: 3.846 Loading class java/util/EnumMap$EnumMapIterator done
Event: 3.846 Loading class java/util/EnumMap$ValueIterator done
Event: 4.370 Loading class java/util/Timer
Event: 4.370 Loading class java/util/Timer done
Event: 4.370 Loading class java/util/TaskQueue
Event: 4.370 Loading class java/util/TaskQueue done
Event: 4.370 Loading class java/util/TimerThread
Event: 4.370 Loading class java/util/TimerThread done
Event: 4.370 Loading class java/util/Timer$ThreadReaper
Event: 4.371 Loading class java/util/Timer$ThreadReaper done

Classes unloaded (0 events):
No events

Classes redefined (0 events):
No events

Internal exceptions (20 events):
Event: 3.483 Thread 0x000000010293e200 Exception <a 'java/lang/NoSuchMethodError'{0x0000000785c2f030}: 'java.lang.Object java.lang.invoke.Invokers$Holder.linkToTargetMethod(java.lang.Object, long, java.lang.Object)'> (0x0000000785c2f030) 
thrown [open/src/hotspot/share/interpreter/linkResolver.cpp, line 773]
Event: 3.503 Thread 0x000000010285d400 Exception <a 'java/lang/NoSuchMethodError'{0x0000000785bc8830}: 'int java.lang.invoke.DirectMethodHandle$Holder.invokeStaticInit(java.lang.Object, java.lang.Object)'> (0x0000000785bc8830) 
thrown [open/src/hotspot/share/interpreter/linkResolver.cpp, line 773]
Event: 3.683 Thread 0x000000010285d400 Exception <a 'java/lang/NoSuchMethodError'{0x00000007915662b0}: 'java.lang.Object java.lang.invoke.DirectMethodHandle$Holder.invokeStaticInit(java.lang.Object, int)'> (0x00000007915662b0) 
thrown [open/src/hotspot/share/interpreter/linkResolver.cpp, line 773]
Event: 4.367 Thread 0x00000001029ae400 Exception <a 'java/lang/NoSuchMethodError'{0x0000000791383528}: 'java.lang.Object java.lang.invoke.DirectMethodHandle$Holder.newInvokeSpecial(java.lang.Object, java.lang.Object, double)'> (0x0000000791383528) 
thrown [open/src/hotspot/share/interpreter/linkResolver.cpp, line 773]
Event: 5.282 Thread 0x00000001029ae400 Exception <a 'java/lang/NoSuchMethodError'{0x0000000790c77618}: 'java.lang.Object java.lang.invoke.DirectMethodHandle$Holder.newInvokeSpecial(java.lang.Object, java.lang.Object, int, int)'> (0x0000000790c77618) 
thrown [open/src/hotspot/share/interpreter/linkResolver.cpp, line 773]
Event: 5.282 Thread 0x00000001029ae400 Exception <a 'java/lang/NoSuchMethodError'{0x0000000790c7b2d8}: 'java.lang.Object java.lang.invoke.DirectMethodHandle$Holder.invokeSpecial(java.lang.Object, java.lang.Object, java.lang.Object, int, int)'> (0x0000000790c7b2d8) 
thrown [open/src/hotspot/share/interpreter/linkResolver.cpp, line 773]
Event: 7.748 Thread 0x000000010293e200 Exception <a 'java/lang/NullPointerException'{0x000000078f5c54e8}> (0x000000078f5c54e8) 
thrown [open/src/hotspot/share/interpreter/linkResolver.cpp, line 1456]
Event: 9.207 Thread 0x000000010293e200 Exception <a 'java/lang/NullPointerException'{0x000000078e47b750}> (0x000000078e47b750) 
thrown [open/src/hotspot/share/interpreter/linkResolver.cpp, line 1456]
Event: 9.218 Thread 0x000000010285d400 Implicit null exception at 0x0000000147c4e110 to 0x0000000147c4e394
Event: 12.277 Thread 0x000000010293e200 Exception <a 'java/lang/NoSuchMethodError'{0x0000000789d49a48}: 'java.lang.Object java.lang.invoke.Invokers$Holder.invokeExact_MT(java.lang.Object, java.lang.Object, java.lang.Object, java.lang.Object, java.lang.Object, java.lang.Object)'> (0x0000000789d49a48) 
thrown [open/src/hotspot/share/interpreter/linkResolver.cpp, line 773]
Event: 12.763 Thread 0x000000010293e200 Exception <a 'java/lang/NullPointerException'{0x0000000791403148}> (0x0000000791403148) 
thrown [open/src/hotspot/share/interpreter/linkResolver.cpp, line 1456]
Event: 12.930 Thread 0x000000010293e200 Implicit null exception at 0x0000000147beaf9c to 0x0000000147beb014
Event: 17.786 Thread 0x000000010293e200 Exception <a 'java/lang/NullPointerException'{0x000000078cac3420}> (0x000000078cac3420) 
thrown [open/src/hotspot/share/interpreter/linkResolver.cpp, line 1456]
Event: 17.797 Thread 0x000000010293e200 Exception <a 'java/io/FileNotFoundException'{0x000000078cac5c60}> (0x000000078cac5c60) 
thrown [open/src/hotspot/share/prims/jni.cpp, line 520]
Event: 22.816 Thread 0x000000010293e200 Exception <a 'java/lang/NullPointerException'{0x0000000788570830}> (0x0000000788570830) 
thrown [open/src/hotspot/share/interpreter/linkResolver.cpp, line 1456]
Event: 22.822 Thread 0x000000010293e200 Exception <a 'java/io/FileNotFoundException'{0x00000007885730d8}> (0x00000007885730d8) 
thrown [open/src/hotspot/share/prims/jni.cpp, line 520]
Event: 27.846 Thread 0x000000010293e200 Exception <a 'java/lang/NullPointerException'{0x000000079146a0c0}> (0x000000079146a0c0) 
thrown [open/src/hotspot/share/interpreter/linkResolver.cpp, line 1456]
Event: 27.847 Thread 0x000000010293e200 Exception <a 'java/io/FileNotFoundException'{0x000000079146c8b0}> (0x000000079146c8b0) 
thrown [open/src/hotspot/share/prims/jni.cpp, line 520]
Event: 32.869 Thread 0x000000010293e200 Exception <a 'java/lang/NullPointerException'{0x000000078a76b188}> (0x000000078a76b188) 
thrown [open/src/hotspot/share/interpreter/linkResolver.cpp, line 1456]
Event: 32.873 Thread 0x000000010293e200 Exception <a 'java/io/FileNotFoundException'{0x000000078a76d978}> (0x000000078a76d978) 
thrown [open/src/hotspot/share/prims/jni.cpp, line 520]

ZGC Phase Switch (0 events):
No events

VM Operations (20 events):
Event: 17.736 Executing VM operation: Cleanup
Event: 17.736 Executing VM operation: Cleanup done
Event: 18.741 Executing VM operation: Cleanup
Event: 18.741 Executing VM operation: Cleanup done
Event: 20.747 Executing VM operation: Cleanup
Event: 20.747 Executing VM operation: Cleanup done
Event: 23.763 Executing VM operation: Cleanup
Event: 23.763 Executing VM operation: Cleanup done
Event: 23.970 Executing VM operation: G1CollectForAllocation (G1 Evacuation Pause)
Event: 23.981 Executing VM operation: G1CollectForAllocation (G1 Evacuation Pause) done
Event: 24.986 Executing VM operation: Cleanup
Event: 24.986 Executing VM operation: Cleanup done
Event: 26.995 Executing VM operation: Cleanup
Event: 26.995 Executing VM operation: Cleanup done
Event: 27.998 Executing VM operation: Cleanup
Event: 27.998 Executing VM operation: Cleanup done
Event: 33.014 Executing VM operation: Cleanup
Event: 33.014 Executing VM operation: Cleanup done
Event: 35.618 Executing VM operation: G1CollectForAllocation (G1 Evacuation Pause)
Event: 35.630 Executing VM operation: G1CollectForAllocation (G1 Evacuation Pause) done

Events (20 events):
Event: 35.579 Protecting memory [0x000000031a2c8000,0x000000031a2d4000] with protection modes 0
Event: 35.579 Thread 0x0000000121091600 Thread added: 0x0000000121091600
Event: 35.579 Protecting memory [0x000000031a2c8000,0x000000031a2d4000] with protection modes 3
Event: 35.579 Thread 0x0000000121091600 Thread exited: 0x0000000121091600
Event: 35.612 Protecting memory [0x000000031a2c8000,0x000000031a2d4000] with protection modes 0
Event: 35.612 Thread 0x00000001209a1c00 Thread added: 0x00000001209a1c00
Event: 35.612 Protecting memory [0x000000031a2c8000,0x000000031a2d4000] with protection modes 3
Event: 35.612 Thread 0x00000001209a1c00 Thread exited: 0x00000001209a1c00
Event: 35.618 Protecting memory [0x0000000317814000,0x0000000317820000] with protection modes 0
Event: 35.618 Thread 0x00000001209c6600 Thread added: 0x00000001209c6600
Event: 35.618 Protecting memory [0x0000000317814000,0x0000000317820000] with protection modes 3
Event: 35.618 Thread 0x00000001209c6600 Thread exited: 0x00000001209c6600
Event: 35.618 Protecting memory [0x0000000317814000,0x0000000317820000] with protection modes 0
Event: 35.618 Thread 0x00000001209c6600 Thread added: 0x00000001209c6600
Event: 35.630 Protecting memory [0x0000000317814000,0x0000000317820000] with protection modes 3
Event: 35.630 Thread 0x00000001209c6600 Thread exited: 0x00000001209c6600
Event: 35.630 Protecting memory [0x000000031813c000,0x0000000318148000] with protection modes 3
Event: 35.630 Thread 0x0000000102b58000 Thread exited: 0x0000000102b58000
Event: 35.632 Protecting memory [0x0000000319424000,0x0000000319430000] with protection modes 3
Event: 35.632 Thread 0x0000000121095200 Thread exited: 0x0000000121095200


Dynamic libraries:
0x00000001023c8000 	/Library/Java/JavaVirtualMachines/jdk-21.jdk/Contents/Home/lib/libjli.dylib
0x000000019f6db000 	/System/Library/Frameworks/Cocoa.framework/Versions/A/Cocoa
0x0000000184f95000 	/System/Library/Frameworks/AppKit.framework/Versions/C/AppKit
0x000000018859b000 	/System/Library/Frameworks/CoreData.framework/Versions/A/CoreData
0x00000001823ae000 	/System/Library/Frameworks/Foundation.framework/Versions/C/Foundation
0x0000000190431000 	/usr/lib/libSystem.B.dylib
0x0000000186691000 	/System/Library/PrivateFrameworks/UIFoundation.framework/Versions/A/UIFoundation
0x00000002355f9000 	/System/Library/PrivateFrameworks/CollectionViewCore.framework/Versions/A/CollectionViewCore
0x000000018d81a000 	/System/Library/PrivateFrameworks/XCTTargetBootstrap.framework/Versions/A/XCTTargetBootstrap
0x0000000192d66000 	/System/Library/PrivateFrameworks/InternationalSupport.framework/Versions/A/InternationalSupport
0x00000001930c0000 	/System/Library/PrivateFrameworks/UserActivity.framework/Versions/A/UserActivity
0x0000000188c27000 	/System/Library/PrivateFrameworks/BaseBoard.framework/Versions/A/BaseBoard
0x000000023dad3000 	/System/Library/PrivateFrameworks/FrontBoard.framework/Versions/A/FrontBoard
0x000000019a63e000 	/System/Library/PrivateFrameworks/FrontBoardServices.framework/Versions/A/FrontBoardServices
0x0000000277e94000 	/usr/lib/libRosetta.dylib
0x000000026bb3e000 	/System/Library/PrivateFrameworks/UIIntelligenceSupport.framework/Versions/A/UIIntelligenceSupport
0x000000022a959000 	/System/Library/Frameworks/SwiftUICore.framework/Versions/A/SwiftUICore
0x0000000271dbd000 	/System/Library/PrivateFrameworks/WritingTools.framework/Versions/A/WritingTools
0x0000000270c6b000 	/System/Library/PrivateFrameworks/WindowManagement.framework/Versions/A/WindowManagement
0x000000018200e000 	/System/Library/Frameworks/SystemConfiguration.framework/Versions/A/SystemConfiguration
0x00000001920b7000 	/usr/lib/libspindump.dylib
0x000000018684b000 	/System/Library/Frameworks/UniformTypeIdentifiers.framework/Versions/A/UniformTypeIdentifiers
0x000000018f6f5000 	/usr/lib/libbsm.0.dylib
0x000000018af68000 	/usr/lib/libapp_launch_measurement.dylib
0x000000018a277000 	/System/Library/PrivateFrameworks/CoreAnalytics.framework/Versions/A/CoreAnalytics
0x000000018af6c000 	/System/Library/PrivateFrameworks/CoreAutoLayout.framework/Versions/A/CoreAutoLayout
0x000000018cd76000 	/System/Library/Frameworks/Metal.framework/Versions/A/Metal
0x000000018e15d000 	/usr/lib/liblangid.dylib
0x000000018d820000 	/System/Library/PrivateFrameworks/CoreSVG.framework/Versions/A/CoreSVG
0x000000018729e000 	/System/Library/PrivateFrameworks/SkyLight.framework/Versions/A/SkyLight
0x000000023d81a000 	/System/Library/PrivateFrameworks/FocusEngine.framework/Versions/A/FocusEngine
0x000000018782b000 	/System/Library/Frameworks/CoreGraphics.framework/Versions/A/CoreGraphics
0x000000023b5a5000 	/System/Library/PrivateFrameworks/DesignLibrary.framework/Versions/A/DesignLibrary
0x0000000198977000 	/System/Library/Frameworks/Accelerate.framework/Versions/A/Accelerate
0x0000000191ebd000 	/System/Library/PrivateFrameworks/IconServices.framework/Versions/A/IconServices
0x000000018cd4f000 	/System/Library/Frameworks/IOSurface.framework/Versions/A/IOSurface
0x000000018a2a7000 	/usr/lib/libDiagnosticMessagesClient.dylib
0x000000019037a000 	/usr/lib/libz.1.dylib
0x000000019cb66000 	/System/Library/Frameworks/ApplicationServices.framework/Versions/A/ApplicationServices
0x000000018d805000 	/System/Library/PrivateFrameworks/DFRFoundation.framework/Versions/A/DFRFoundation
0x00000001847e5000 	/usr/lib/libicucore.A.dylib
0x00000001942e0000 	/System/Library/Frameworks/AudioToolbox.framework/Versions/A/AudioToolbox
0x000000019306e000 	/System/Library/PrivateFrameworks/DataDetectorsCore.framework/Versions/A/DataDetectorsCore
0x000000026c5f4000 	/System/Library/PrivateFrameworks/UpdateCycle.framework/Versions/A/UpdateCycle
0x00000001b0830000 	/System/Library/PrivateFrameworks/TextInput.framework/Versions/A/TextInput
0x00000001871e2000 	/usr/lib/libMobileGestalt.dylib
0x000000018d502000 	/System/Library/Frameworks/Carbon.framework/Versions/A/Frameworks/HIToolbox.framework/Versions/A/HIToolbox
0x000000018a7dc000 	/System/Library/Frameworks/QuartzCore.framework/Versions/A/QuartzCore
0x00000001843be000 	/System/Library/Frameworks/Security.framework/Versions/A/Security
0x00000001982fc000 	/System/Library/Frameworks/Carbon.framework/Versions/A/Frameworks/SpeechRecognition.framework/Versions/A/SpeechRecognition
0x000000018ac38000 	/System/Library/PrivateFrameworks/CoreUI.framework/Versions/A/CoreUI
0x0000000183c11000 	/System/Library/Frameworks/CoreAudio.framework/Versions/A/CoreAudio
0x000000018a39b000 	/System/Library/Frameworks/DiskArbitration.framework/Versions/A/DiskArbitration
0x000000019256d000 	/System/Library/PrivateFrameworks/MultitouchSupport.framework/Versions/A/MultitouchSupport
0x00000001871e0000 	/usr/lib/libenergytrace.dylib
0x00000001a41aa000 	/System/Library/PrivateFrameworks/RenderBox.framework/Versions/A/RenderBox
0x0000000184e3c000 	/System/Library/Frameworks/IOKit.framework/Versions/A/IOKit
0x0000000198702000 	/System/Library/Frameworks/CoreServices.framework/Versions/A/CoreServices
0x000000018aef9000 	/System/Library/PrivateFrameworks/PerformanceAnalysis.framework/Versions/A/PerformanceAnalysis
0x00000001e5836000 	/System/Library/Frameworks/OpenGL.framework/Versions/A/OpenGL
0x000000018afb6000 	/usr/lib/libxml2.2.dylib
0x000000018f5d1000 	/System/Library/PrivateFrameworks/MobileKeyBag.framework/Versions/A/MobileKeyBag
0x00000001806dc000 	/usr/lib/libobjc.A.dylib
0x0000000180a37000 	/usr/lib/libc++.1.dylib
0x0000000198680000 	/System/Library/Frameworks/Accessibility.framework/Versions/A/Accessibility
0x0000000187f82000 	/System/Library/Frameworks/ColorSync.framework/Versions/A/ColorSync
0x0000000180b68000 	/System/Library/Frameworks/CoreFoundation.framework/Versions/A/CoreFoundation
0x000000018db9f000 	/System/Library/Frameworks/CoreImage.framework/Versions/A/CoreImage
0x00000001839e5000 	/System/Library/Frameworks/CoreText.framework/Versions/A/CoreText
0x0000000225094000 	/System/Library/Frameworks/CoreTransferable.framework/Versions/A/CoreTransferable
0x00000002255c3000 	/System/Library/Frameworks/DataDetection.framework/Versions/A/DataDetection
0x00000002255d7000 	/System/Library/Frameworks/DeveloperToolsSupport.framework/Versions/A/DeveloperToolsSupport
0x000000018d85e000 	/System/Library/Frameworks/ImageIO.framework/Versions/A/ImageIO
0x000000022b87e000 	/System/Library/Frameworks/Symbols.framework/Versions/A/Symbols
0x00000001b594f000 	/System/Library/PrivateFrameworks/AttributeGraph.framework/Versions/A/AttributeGraph
0x000000019a71d000 	/System/Library/PrivateFrameworks/BoardServices.framework/Versions/A/BoardServices
0x00000001d9519000 	/System/Library/PrivateFrameworks/FeatureFlags.framework/Versions/A/FeatureFlags
0x000000024672c000 	/System/Library/PrivateFrameworks/Gestures.framework/Versions/A/Gestures
0x0000000190436000 	/System/Library/PrivateFrameworks/SoftLinking.framework/Versions/A/SoftLinking
0x00000001c3ea4000 	/usr/lib/swift/libswiftAccelerate.dylib
0x0000000193c4b000 	/usr/lib/swift/libswiftCore.dylib
0x00000001acb8e000 	/usr/lib/swift/libswiftCoreFoundation.dylib
0x00000001acbe7000 	/usr/lib/swift/libswiftCoreImage.dylib
0x000000019a3bb000 	/usr/lib/swift/libswiftDispatch.dylib
0x00000001acbe8000 	/usr/lib/swift/libswiftIOKit.dylib
0x00000001ba527000 	/usr/lib/swift/libswiftMetal.dylib
0x00000001c952b000 	/usr/lib/swift/libswiftOSLog.dylib
0x000000019d1af000 	/usr/lib/swift/libswiftObjectiveC.dylib
0x0000000279045000 	/usr/lib/swift/libswiftObservation.dylib
0x00000001bf6b4000 	/usr/lib/swift/libswiftQuartzCore.dylib
0x0000000279183000 	/usr/lib/swift/libswiftSynchronization.dylib
0x00000001c3e95000 	/usr/lib/swift/libswiftUniformTypeIdentifiers.dylib
0x00000001acba0000 	/usr/lib/swift/libswiftXPC.dylib
0x00000002791bd000 	/usr/lib/swift/libswift_Builtin_float.dylib
0x00000002791c0000 	/usr/lib/swift/libswift_Concurrency.dylib
0x000000019d1b3000 	/usr/lib/swift/libswiftos.dylib
0x00000001b05cb000 	/usr/lib/swift/libswiftsimd.dylib
0x000000019065c000 	/usr/lib/libcompression.dylib
0x0000000192cc6000 	/System/Library/PrivateFrameworks/TextureIO.framework/Versions/A/TextureIO
0x000000018813d000 	/System/Library/Frameworks/ApplicationServices.framework/Versions/A/Frameworks/HIServices.framework/Versions/A/HIServices
0x0000000191b46000 	/usr/lib/libate.dylib
0x000000019042b000 	/usr/lib/system/libcache.dylib
0x00000001903e6000 	/usr/lib/system/libcommonCrypto.dylib
0x0000000190411000 	/usr/lib/system/libcompiler_rt.dylib
0x0000000190406000 	/usr/lib/system/libcopyfile.dylib
0x0000000180872000 	/usr/lib/system/libcorecrypto.dylib
0x000000018096b000 	/usr/lib/system/libdispatch.dylib
0x0000000180730000 	/usr/lib/system/libdyld.dylib
0x0000000190421000 	/usr/lib/system/libkeymgr.dylib
0x00000001903c9000 	/usr/lib/system/libmacho.dylib
0x000000018f6cd000 	/usr/lib/system/libquarantine.dylib
0x000000019041e000 	/usr/lib/system/libremovefile.dylib
0x0000000187262000 	/usr/lib/system/libsystem_asl.dylib
0x0000000180800000 	/usr/lib/system/libsystem_blocks.dylib
0x00000001809b5000 	/usr/lib/system/libsystem_c.dylib
0x0000000190415000 	/usr/lib/system/libsystem_collections.dylib
0x000000018e14a000 	/usr/lib/system/libsystem_configuration.dylib
0x000000018cd18000 	/usr/lib/system/libsystem_containermanager.dylib
0x000000018fe4e000 	/usr/lib/system/libsystem_coreservices.dylib
0x0000000184ab7000 	/usr/lib/system/libsystem_darwin.dylib
0x0000000279512000 	/usr/lib/system/libsystem_darwindirectory.dylib
0x0000000190422000 	/usr/lib/system/libsystem_dnssd.dylib
0x0000000279516000 	/usr/lib/system/libsystem_eligibility.dylib
0x00000001809b2000 	/usr/lib/system/libsystem_featureflags.dylib
0x0000000180b38000 	/usr/lib/system/libsystem_info.dylib
0x000000019038a000 	/usr/lib/system/libsystem_m.dylib
0x000000018091f000 	/usr/lib/system/libsystem_malloc.dylib
0x00000001871c5000 	/usr/lib/system/libsystem_networkextension.dylib
0x0000000184f27000 	/usr/lib/system/libsystem_notify.dylib
0x000000018e14f000 	/usr/lib/system/libsystem_sandbox.dylib
0x000000027951e000 	/usr/lib/system/libsystem_sanitizers.dylib
0x000000019041a000 	/usr/lib/system/libsystem_secinit.dylib
0x0000000180ae5000 	/usr/lib/system/libsystem_kernel.dylib
0x0000000180b2f000 	/usr/lib/system/libsystem_platform.dylib
0x0000000180b22000 	/usr/lib/system/libsystem_pthread.dylib
0x0000000188e0a000 	/usr/lib/system/libsystem_symptoms.dylib
0x0000000180851000 	/usr/lib/system/libsystem_trace.dylib
0x0000000279526000 	/usr/lib/system/libsystem_trial.dylib
0x00000001903f4000 	/usr/lib/system/libunwind.dylib
0x0000000180804000 	/usr/lib/system/libxpc.dylib
0x0000000180aca000 	/usr/lib/libc++abi.dylib
0x0000000278dc7000 	/usr/lib/libswiftPrespecialized.dylib
0x0000000190433000 	/usr/lib/libfakelink.dylib
0x0000000186e0b000 	/System/Library/Frameworks/CFNetwork.framework/Versions/A/CFNetwork
0x0000000190487000 	/usr/lib/libarchive.2.dylib
0x000000019641b000 	/System/Library/Frameworks/Combine.framework/Versions/A/Combine
0x000000023561e000 	/System/Library/PrivateFrameworks/CollectionsInternal.framework/Versions/A/CollectionsInternal
0x000000025b34f000 	/System/Library/PrivateFrameworks/ReflectionInternal.framework/Versions/A/ReflectionInternal
0x000000025c19c000 	/System/Library/PrivateFrameworks/RuntimeInternal.framework/Versions/A/RuntimeInternal
0x00000001a9b86000 	/usr/lib/swift/libswiftDarwin.dylib
0x000000027918b000 	/usr/lib/swift/libswiftSystem.dylib
0x000000027924b000 	/usr/lib/swift/libswift_DarwinFoundation1.dylib
0x000000027932c000 	/usr/lib/swift/libswift_StringProcessing.dylib
0x0000000184dbc000 	/System/Library/PrivateFrameworks/CoreServicesInternal.framework/Versions/A/CoreServicesInternal
0x00000001903fe000 	/usr/lib/liboah.dylib
0x000000019c60c000 	/System/Library/PrivateFrameworks/DiskImages.framework/Versions/A/DiskImages
0x00000001a964e000 	/System/Library/Frameworks/NetFS.framework/Versions/A/NetFS
0x000000018af30000 	/System/Library/Frameworks/CoreServices.framework/Versions/A/Frameworks/FSEvents.framework/Versions/A/FSEvents
0x0000000184ac2000 	/System/Library/Frameworks/CoreServices.framework/Versions/A/Frameworks/CarbonCore.framework/Versions/A/CarbonCore
0x000000018a30f000 	/System/Library/Frameworks/CoreServices.framework/Versions/A/Frameworks/Metadata.framework/Versions/A/Metadata
0x000000018fe56000 	/System/Library/Frameworks/CoreServices.framework/Versions/A/Frameworks/OSServices.framework/Versions/A/OSServices
0x000000019057f000 	/System/Library/Frameworks/CoreServices.framework/Versions/A/Frameworks/SearchKit.framework/Versions/A/SearchKit
0x0000000188d84000 	/System/Library/Frameworks/CoreServices.framework/Versions/A/Frameworks/AE.framework/Versions/A/AE
0x00000001810b5000 	/System/Library/Frameworks/CoreServices.framework/Versions/A/Frameworks/LaunchServices.framework/Versions/A/LaunchServices
0x000000019199c000 	/System/Library/Frameworks/CoreServices.framework/Versions/A/Frameworks/DictionaryServices.framework/Versions/A/DictionaryServices
0x000000018af3e000 	/System/Library/Frameworks/CoreServices.framework/Versions/A/Frameworks/SharedFileList.framework/Versions/A/SharedFileList
0x0000000190614000 	/usr/lib/libapple_nghttp2.dylib
0x000000018899e000 	/usr/lib/libsqlite3.dylib
0x0000000188b86000 	/System/Library/Frameworks/Accounts.framework/Versions/A/Accounts
0x000000019c853000 	/System/Library/PrivateFrameworks/AppSupport.framework/Versions/A/AppSupport
0x0000000194972000 	/System/Library/Frameworks/GSS.framework/Versions/A/GSS
0x0000000188d18000 	/System/Library/PrivateFrameworks/RunningBoardServices.framework/Versions/A/RunningBoardServices
0x000000019d13d000 	/System/Library/PrivateFrameworks/StreamingZip.framework/Versions/A/StreamingZip
0x0000000188e13000 	/System/Library/Frameworks/Network.framework/Versions/A/Network
0x00000001903cd000 	/usr/lib/system/libkxld.dylib
0x0000000231044000 	/System/Library/PrivateFrameworks/AppleKeyStore.framework/Versions/A/AppleKeyStore
0x0000000277b98000 	/usr/lib/libCoreEntitlements.dylib
0x00000002516a9000 	/System/Library/PrivateFrameworks/MessageSecurity.framework/Versions/A/MessageSecurity
0x0000000188982000 	/System/Library/PrivateFrameworks/ProtocolBuffer.framework/Versions/A/ProtocolBuffer
0x00000001a4e83000 	/System/Library/PrivateFrameworks/CloudServices.framework/Versions/A/CloudServices
0x00000001997f7000 	/System/Library/PrivateFrameworks/SymptomDiagnosticReporter.framework/Versions/A/SymptomDiagnosticReporter
0x0000000191be0000 	/System/Library/PrivateFrameworks/CrashReporterSupport.framework/Versions/A/CrashReporterSupport
0x000000018fe35000 	/System/Library/PrivateFrameworks/AppleFSCompression.framework/Versions/A/AppleFSCompression
0x000000018f6dd000 	/usr/lib/libcoretls.dylib
0x0000000191a13000 	/usr/lib/libcoretls_cfhelpers.dylib
0x0000000190655000 	/usr/lib/libpam.2.dylib
0x0000000191a85000 	/usr/lib/libxar.1.dylib
0x0000000191a15000 	/System/Library/PrivateFrameworks/APFS.framework/Versions/A/APFS
0x0000000266717000 	/System/Library/PrivateFrameworks/SwiftASN1Internal.framework/Versions/A/SwiftASN1Internal
0x0000000191a94000 	/usr/lib/libutil.dylib
0x000000018e158000 	/System/Library/PrivateFrameworks/AppleSystemInfo.framework/Versions/A/AppleSystemInfo
0x000000018f3c1000 	/System/Library/PrivateFrameworks/IOMobileFramebuffer.framework/Versions/A/IOMobileFramebuffer
0x00000001aca55000 	/System/Library/PrivateFrameworks/LoggingSupport.framework/Versions/A/LoggingSupport
0x00000001949d5000 	/System/Library/PrivateFrameworks/MobileAsset.framework/Versions/A/MobileAsset
0x0000000199807000 	/System/Library/PrivateFrameworks/PowerLog.framework/Versions/A/PowerLog
0x000000022a7fd000 	/System/Library/Frameworks/SwiftData.framework/Versions/A/SwiftData
0x000000018b160000 	/System/Library/PrivateFrameworks/UserManagement.framework/Versions/A/UserManagement
0x0000000186d38000 	/usr/lib/libboringssl.dylib
0x0000000188df8000 	/usr/lib/libdns_services.dylib
0x00000001aba93000 	/usr/lib/libquic.dylib
0x0000000193bdc000 	/usr/lib/libusrtcp.dylib
0x0000000231d93000 	/System/Library/PrivateFrameworks/AtomicsInternal.framework/Versions/A/AtomicsInternal
0x00000001d1952000 	/System/Library/PrivateFrameworks/InternalSwiftProtobuf.framework/Versions/A/InternalSwiftProtobuf
0x000000027901c000 	/usr/lib/swift/libswiftDistributed.dylib
0x000000018e156000 	/System/Library/PrivateFrameworks/AggregateDictionary.framework/Versions/A/AggregateDictionary
0x000000023250b000 	/System/Library/PrivateFrameworks/BiomeLibrary.framework/Versions/A/BiomeLibrary
0x00000001bb474000 	/System/Library/PrivateFrameworks/BiomeStreams.framework/Versions/A/BiomeStreams
0x00000001b780f000 	/System/Library/PrivateFrameworks/BiomeFoundation.framework/Versions/A/BiomeFoundation
0x00000001c143c000 	/System/Library/PrivateFrameworks/BiomePubSub.framework/Versions/A/BiomePubSub
0x000000019e15a000 	/System/Library/PrivateFrameworks/ProactiveSupport.framework/Versions/A/ProactiveSupport
0x00000001919f4000 	/usr/lib/liblzma.5.dylib
0x000000019cb67000 	/System/Library/PrivateFrameworks/InternationalTextSearch.framework/Versions/A/InternationalTextSearch
0x00000001b3d54000 	/System/Library/PrivateFrameworks/SoftwareUpdateCoreSupport.framework/Versions/A/SoftwareUpdateCoreSupport
0x00000001bbeb8000 	/System/Library/PrivateFrameworks/SoftwareUpdateCoreConnect.framework/Versions/A/SoftwareUpdateCoreConnect
0x000000019c70a000 	/System/Library/PrivateFrameworks/RemoteServiceDiscovery.framework/Versions/A/RemoteServiceDiscovery
0x00000001b3952000 	/System/Library/PrivateFrameworks/MSUDataAccessor.framework/Versions/A/MSUDataAccessor
0x00000001aeb88000 	/usr/lib/libbootpolicy.dylib
0x000000019c720000 	/System/Library/PrivateFrameworks/RemoteXPC.framework/Versions/A/RemoteXPC
0x00000001bb341000 	/usr/lib/libFDR.dylib
0x00000001c106c000 	/usr/lib/libamsupport.dylib
0x0000000277e8c000 	/usr/lib/libReverseProxyDevice.dylib
0x00000002309db000 	/System/Library/PrivateFrameworks/AppleDeviceQuerySupport.framework/Versions/A/AppleDeviceQuerySupport
0x00000001c40a5000 	/usr/lib/libpartition2_dynamic.dylib
0x00000001905f0000 	/System/Library/PrivateFrameworks/AppleSauce.framework/Versions/A/AppleSauce
0x0000000277a3b000 	/usr/lib/libAppleArchive.dylib
0x000000018fe41000 	/usr/lib/libbz2.1.0.dylib
0x000000018a3a5000 	/System/Library/Frameworks/Accelerate.framework/Versions/A/Frameworks/vImage.framework/Versions/A/vImage
0x00000001986dc000 	/System/Library/Frameworks/Accelerate.framework/Versions/A/Frameworks/vecLib.framework/Versions/A/vecLib
0x0000000191acb000 	/System/Library/Frameworks/Accelerate.framework/Versions/A/Frameworks/vecLib.framework/Versions/A/libvMisc.dylib
0x00000001815a7000 	/System/Library/Frameworks/Accelerate.framework/Versions/A/Frameworks/vecLib.framework/Versions/A/libBLAS.dylib
0x000000018b09d000 	/System/Library/Frameworks/CoreVideo.framework/Versions/A/CoreVideo
0x000000019457d000 	/System/Library/Frameworks/ApplicationServices.framework/Versions/A/Frameworks/ATS.framework/Versions/A/ATS
0x0000000192c4f000 	/System/Library/Frameworks/ApplicationServices.framework/Versions/A/Frameworks/PrintCore.framework/Versions/A/PrintCore
0x000000019493b000 	/System/Library/Frameworks/ApplicationServices.framework/Versions/A/Frameworks/QD.framework/Versions/A/QD
0x0000000194936000 	/System/Library/Frameworks/ApplicationServices.framework/Versions/A/Frameworks/ColorSyncLegacy.framework/Versions/A/ColorSyncLegacy
0x000000019454f000 	/System/Library/Frameworks/ApplicationServices.framework/Versions/A/Frameworks/SpeechSynthesis.framework/Versions/A/SpeechSynthesis
0x000000018d23d000 	/System/Library/PrivateFrameworks/FontServices.framework/libFontParser.dylib
0x000000019c430000 	/System/Library/PrivateFrameworks/BackBoardServices.framework/Versions/A/BackBoardServices
0x000000023242a000 	/System/Library/PrivateFrameworks/BackBoardHIDEventFoundation.framework/Versions/A/BackBoardHIDEventFoundation
0x00000001834f8000 	/System/Library/Frameworks/CoreDisplay.framework/Versions/A/CoreDisplay
0x00000001925b3000 	/System/Library/Frameworks/VideoToolbox.framework/Versions/A/VideoToolbox
0x0000000190653000 	/System/Library/Frameworks/MetalPerformanceShaders.framework/Versions/A/MetalPerformanceShaders
0x000000025a5da000 	/System/Library/PrivateFrameworks/ProDisplayLibrary.framework/Versions/A/ProDisplayLibrary
0x00000001a011b000 	/System/Library/PrivateFrameworks/IOSurfaceAccelerator.framework/Versions/A/IOSurfaceAccelerator
0x000000018cd6c000 	/System/Library/PrivateFrameworks/IOAccelerator.framework/Versions/A/IOAccelerator
0x000000018d083000 	/System/Library/Frameworks/CoreMedia.framework/Versions/A/CoreMedia
0x000000018727a000 	/System/Library/PrivateFrameworks/TCC.framework/Versions/A/TCC
0x000000019256b000 	/System/Library/PrivateFrameworks/WatchdogClient.framework/Versions/A/WatchdogClient
0x00000001c149a000 	/System/Library/PrivateFrameworks/BiomeStorage.framework/Versions/A/BiomeStorage
0x000000024c405000 	/System/Library/PrivateFrameworks/IntelligencePlatformLibrary.framework/Versions/A/IntelligencePlatformLibrary
0x0000000259950000 	/System/Library/PrivateFrameworks/PoirotSchematizer.framework/Versions/A/PoirotSchematizer
0x0000000232d36000 	/System/Library/PrivateFrameworks/BiomeSync.framework/Versions/A/BiomeSync
0x00000002324f1000 	/System/Library/PrivateFrameworks/BiomeDSL.framework/Versions/A/BiomeDSL
0x00000002599ba000 	/System/Library/PrivateFrameworks/PoirotUDFs.framework/Versions/A/PoirotUDFs
0x000000025991f000 	/System/Library/PrivateFrameworks/PoirotSQLite.framework/Versions/A/PoirotSQLite
0x000000019ac3a000 	/System/Library/PrivateFrameworks/CoreTime.framework/Versions/A/CoreTime
0x000000019046c000 	/usr/lib/libiconv.2.dylib
0x00000001903c8000 	/usr/lib/libcharset.1.dylib
0x000000027928c000 	/usr/lib/swift/libswift_RegexParser.dylib
0x000000023430d000 	/System/Library/PrivateFrameworks/CascadeSets.framework/Versions/A/CascadeSets
0x0000000194b3a000 	/System/Library/PrivateFrameworks/CorePhoneNumbers.framework/Versions/A/CorePhoneNumbers
0x0000000192435000 	/System/Library/PrivateFrameworks/AppleJPEG.framework/Versions/A/AppleJPEG
0x0000000191e38000 	/usr/lib/libexpat.1.dylib
0x0000000192b22000 	/System/Library/Frameworks/ImageIO.framework/Versions/A/Resources/libPng.dylib
0x0000000192b4e000 	/System/Library/Frameworks/ImageIO.framework/Versions/A/Resources/libTIFF.dylib
0x0000000192c38000 	/System/Library/Frameworks/ImageIO.framework/Versions/A/Resources/libGIF.dylib
0x000000019247a000 	/System/Library/Frameworks/ImageIO.framework/Versions/A/Resources/libJP2.dylib
0x0000000192bde000 	/System/Library/Frameworks/ImageIO.framework/Versions/A/Resources/libJPEG.dylib
0x0000000192bd5000 	/System/Library/Frameworks/ImageIO.framework/Versions/A/Resources/libRadiance.dylib
0x00000002431cb000 	/System/Library/PrivateFrameworks/GPUCompiler.framework/Versions/32023/Libraries/libllvm-flatbuffers.dylib
0x000000023dac6000 	/System/Library/PrivateFrameworks/FramePacing.framework/Versions/A/FramePacing
0x00000001e5828000 	/System/Library/Frameworks/OpenGL.framework/Versions/A/Libraries/libCoreFSCache.dylib
0x000000023ebff000 	/System/Library/PrivateFrameworks/GPUCompiler.framework/Versions/32023/Libraries/libGPUCompilerUtils.dylib
0x000000019a7ea000 	/System/Library/PrivateFrameworks/GraphicsServices.framework/Versions/A/GraphicsServices
0x000000019e2e0000 	/System/Library/PrivateFrameworks/ASEProcessing.framework/Versions/A/ASEProcessing
0x00000001cd2e5000 	/System/Library/PrivateFrameworks/Symbolication.framework/Versions/A/Symbolication
0x0000000259549000 	/System/Library/PrivateFrameworks/PhotosensitivityProcessing.framework/Versions/A/PhotosensitivityProcessing
0x0000000192059000 	/System/Library/PrivateFrameworks/GraphVisualizer.framework/Versions/A/GraphVisualizer
0x00000001e5887000 	/System/Library/Frameworks/OpenGL.framework/Versions/A/Libraries/libGLU.dylib
0x00000001e584a000 	/System/Library/Frameworks/OpenGL.framework/Versions/A/Libraries/libGFXShared.dylib
0x00000001e5a16000 	/System/Library/Frameworks/OpenGL.framework/Versions/A/Libraries/libGL.dylib
0x00000001e5853000 	/System/Library/Frameworks/OpenGL.framework/Versions/A/Libraries/libGLImage.dylib
0x00000001e5847000 	/System/Library/Frameworks/OpenGL.framework/Versions/A/Libraries/libCVMSPluginSupport.dylib
0x00000001e5830000 	/System/Library/Frameworks/OpenGL.framework/Versions/A/Libraries/libCoreVMClient.dylib
0x000000023d9d4000 	/System/Library/PrivateFrameworks/FontServices.framework/Versions/A/FontServices
0x0000000192069000 	/System/Library/PrivateFrameworks/OTSVG.framework/Versions/A/OTSVG
0x000000018abe5000 	/System/Library/Frameworks/ApplicationServices.framework/Versions/A/Frameworks/ATS.framework/Versions/A/Resources/libFontRegistry.dylib
0x0000000278384000 	/usr/lib/libhvf.dylib
0x00000002564d4000 	/System/Library/PrivateFrameworks/ParsingInternal.framework/Versions/A/ParsingInternal
0x0000000279065000 	/usr/lib/swift/libswiftRegexBuilder.dylib
0x000000023d9d5000 	/System/Library/PrivateFrameworks/FontServices.framework/libXTFontStaticRegistryData.dylib
0x000000018e097000 	/System/Library/Frameworks/MetalPerformanceShaders.framework/Versions/A/Frameworks/MPSCore.framework/Versions/A/MPSCore
0x000000018fda0000 	/System/Library/Frameworks/MetalPerformanceShaders.framework/Versions/A/Frameworks/MPSImage.framework/Versions/A/MPSImage
0x000000018f780000 	/System/Library/Frameworks/MetalPerformanceShaders.framework/Versions/A/Frameworks/MPSNeuralNetwork.framework/Versions/A/MPSNeuralNetwork
0x000000018fbb8000 	/System/Library/Frameworks/MetalPerformanceShaders.framework/Versions/A/Frameworks/MPSMatrix.framework/Versions/A/MPSMatrix
0x000000018f9cd000 	/System/Library/Frameworks/MetalPerformanceShaders.framework/Versions/A/Frameworks/MPSRayIntersector.framework/Versions/A/MPSRayIntersector
0x000000018fbea000 	/System/Library/Frameworks/MetalPerformanceShaders.framework/Versions/A/Frameworks/MPSNDArray.framework/Versions/A/MPSNDArray
0x00000002278c1000 	/System/Library/Frameworks/MetalPerformanceShaders.framework/Versions/A/Frameworks/MPSFunctions.framework/Versions/A/MPSFunctions
0x00000002278a2000 	/System/Library/Frameworks/MetalPerformanceShaders.framework/Versions/A/Frameworks/MPSBenchmarkLoop.framework/Versions/A/MPSBenchmarkLoop
0x00000001813c3000 	/System/Library/PrivateFrameworks/MetalTools.framework/Versions/A/MetalTools
0x00000001b1c39000 	/System/Library/PrivateFrameworks/IOAccelMemoryInfo.framework/Versions/A/IOAccelMemoryInfo
0x00000001bfaa8000 	/System/Library/PrivateFrameworks/kperf.framework/Versions/A/kperf
0x00000001acb6a000 	/System/Library/PrivateFrameworks/GPURawCounter.framework/Versions/A/GPURawCounter
0x000000019ab23000 	/System/Library/PrivateFrameworks/CoreSymbolication.framework/Versions/A/CoreSymbolication
0x00000001acae1000 	/System/Library/PrivateFrameworks/MallocStackLogging.framework/Versions/A/MallocStackLogging
0x000000019ab00000 	/System/Library/PrivateFrameworks/DebugSymbols.framework/Versions/A/DebugSymbols
0x00000001be33a000 	/System/Library/PrivateFrameworks/OSAnalytics.framework/Versions/A/OSAnalytics
0x000000023b9e6000 	/System/Library/PrivateFrameworks/DeviceRecovery.framework/Versions/A/DeviceRecovery
0x0000000225714000 	/System/Library/Frameworks/ExtensionFoundation.framework/Versions/A/ExtensionFoundation
0x00000001920aa000 	/System/Library/PrivateFrameworks/AppServerSupport.framework/Versions/A/AppServerSupport
0x0000000191d37000 	/System/Library/PrivateFrameworks/PlugInKit.framework/Versions/A/PlugInKit
0x000000018f5ef000 	/System/Library/PrivateFrameworks/AssertionServices.framework/Versions/A/AssertionServices
0x0000000191e5d000 	/System/Library/PrivateFrameworks/IconFoundation.framework/Versions/A/IconFoundation
0x000000024947f000 	/System/Library/PrivateFrameworks/IconRendering.framework/Versions/A/IconRendering
0x000000025c347000 	/System/Library/PrivateFrameworks/SFSymbols.framework/Versions/A/SFSymbols
0x000000018361c000 	/System/Library/PrivateFrameworks/AudioToolboxCore.framework/Versions/A/AudioToolboxCore
0x00000001944b8000 	/System/Library/PrivateFrameworks/AudioSession.framework/Versions/A/AudioSession
0x000000019f4ee000 	/System/Library/Frameworks/CoreMIDI.framework/Versions/A/CoreMIDI
0x0000000194536000 	/usr/lib/libAudioStatistics.dylib
0x000000018d05a000 	/System/Library/PrivateFrameworks/caulk.framework/Versions/A/caulk
0x0000000192afc000 	/usr/lib/libAudioToolboxUtility.dylib
0x00000001acb6e000 	/usr/lib/swift/libswiftCoreAudio.dylib
0x00000001b31c3000 	/usr/lib/swift/libswiftCoreMIDI.dylib
0x0000000194944000 	/System/Library/PrivateFrameworks/perfdata.framework/Versions/A/perfdata
0x00000001abb8d000 	/System/Library/PrivateFrameworks/SystemPolicy.framework/Versions/A/SystemPolicy
0x00000001947e9000 	/usr/lib/libSMC.dylib
0x0000000194952000 	/usr/lib/libperfcheck.dylib
0x0000000231e52000 	/System/Library/PrivateFrameworks/AudioAnalytics.framework/Versions/A/AudioAnalytics
0x000000027924f000 	/usr/lib/swift/libswift_DarwinFoundation2.dylib
0x0000000279250000 	/usr/lib/swift/libswift_DarwinFoundation3.dylib
0x00000001d1677000 	/System/Library/Frameworks/OSLog.framework/Versions/A/OSLog
0x00000001acb13000 	/usr/lib/libmis.dylib
0x0000000191f77000 	/System/Library/PrivateFrameworks/MediaExperience.framework/Versions/A/MediaExperience
0x0000000194289000 	/System/Library/PrivateFrameworks/AudioSession.framework/libSessionUtility.dylib
0x0000000192c3e000 	/System/Library/PrivateFrameworks/CMCaptureCore.framework/Versions/A/CMCaptureCore
0x00000001996e6000 	/System/Library/Frameworks/CoreBluetooth.framework/Versions/A/CoreBluetooth
0x000000018f456000 	/System/Library/PrivateFrameworks/CoreUtils.framework/Versions/A/CoreUtils
0x00000001a4ec1000 	/System/Library/PrivateFrameworks/HID.framework/Versions/A/HID
0x000000023ae64000 	/System/Library/PrivateFrameworks/CoreUtilsExtras.framework/Versions/A/CoreUtilsExtras
0x00000002493e1000 	/System/Library/PrivateFrameworks/IO80211.framework/Versions/A/IO80211
0x000000018fe89000 	/System/Library/PrivateFrameworks/AuthKit.framework/Versions/A/AuthKit
0x000000019616f000 	/System/Library/Frameworks/IOBluetooth.framework/Versions/A/IOBluetooth
0x0000000191bd7000 	/usr/lib/libIOReport.dylib
0x000000018f5fe000 	/System/Library/Frameworks/SecurityFoundation.framework/Versions/A/SecurityFoundation
0x0000000181d89000 	/System/Library/PrivateFrameworks/Lexicon.framework/Versions/A/Lexicon
0x000000018f768000 	/usr/lib/libgermantok.dylib
0x000000018e281000 	/System/Library/PrivateFrameworks/LinguisticData.framework/Versions/A/LinguisticData
0x00000001945f5000 	/System/Library/PrivateFrameworks/MultiverseSupport.framework/Versions/A/MultiverseSupport
0x000000019992b000 	/System/Library/PrivateFrameworks/DiskManagement.framework/Versions/A/DiskManagement
0x0000000199837000 	/System/Library/PrivateFrameworks/AppleIDAuthSupport.framework/Versions/A/AppleIDAuthSupport
0x000000022d042000 	/System/Library/PrivateFrameworks/AAAFoundation.framework/Versions/A/AAAFoundation
0x0000000194af8000 	/System/Library/PrivateFrameworks/KeychainCircle.framework/Versions/A/KeychainCircle
0x00000001a5d58000 	/System/Library/PrivateFrameworks/URLFormatting.framework/Versions/A/URLFormatting
0x000000019c7bf000 	/usr/lib/libcsfde.dylib
0x0000000191d81000 	/usr/lib/libCoreStorage.dylib
0x00000001998f9000 	/System/Library/PrivateFrameworks/MediaKit.framework/Versions/A/MediaKit
0x0000000199844000 	/System/Library/Frameworks/DiscRecording.framework/Versions/A/DiscRecording
0x0000000196246000 	/System/Library/PrivateFrameworks/ProtectedCloudStorage.framework/Versions/A/ProtectedCloudStorage
0x000000019c7ba000 	/System/Library/PrivateFrameworks/EFILogin.framework/Versions/A/EFILogin
0x0000000191e53000 	/usr/lib/libheimdal-asn1.dylib
0x0000000199c4e000 	/System/Library/PrivateFrameworks/OctagonTrust.framework/Versions/A/OctagonTrust
0x000000019d113000 	/System/Library/Frameworks/AudioUnit.framework/Versions/A/AudioUnit
0x000000018af03000 	/System/Library/Frameworks/OpenDirectory.framework/Versions/A/OpenDirectory
0x000000018af11000 	/System/Library/Frameworks/OpenDirectory.framework/Versions/A/Frameworks/CFOpenDirectory.framework/Versions/A/CFOpenDirectory
0x00000001e5d97000 	/System/Library/Frameworks/AVFAudio.framework/Versions/A/AVFAudio
0x00000001a5e60000 	/usr/lib/libAccessibility.dylib
0x000000024cf47000 	/System/Library/PrivateFrameworks/IsolatedCoreAudioClient.framework/Versions/A/IsolatedCoreAudioClient
0x00000001c7d62000 	/usr/lib/swift/libswiftCoreMedia.dylib
0x0000000269cd0000 	/System/Library/PrivateFrameworks/Tightbeam.framework/Versions/A/Tightbeam
0x0000000236d99000 	/System/Library/PrivateFrameworks/CoreAudioOrchestration.framework/Versions/A/CoreAudioOrchestration
0x00000001c45ea000 	/System/Library/PrivateFrameworks/AFKUser.framework/Versions/A/AFKUser
0x00000001989c7000 	/System/Library/Frameworks/MediaAccessibility.framework/Versions/A/MediaAccessibility
0x000000026dc6f000 	/System/Library/PrivateFrameworks/VideoToolboxParavirtualizationSupport.framework/Versions/A/VideoToolboxParavirtualizationSupport
0x0000000191def000 	/System/Library/PrivateFrameworks/AppleVA.framework/Versions/A/AppleVA
0x0000000192bd0000 	/System/Library/PrivateFrameworks/GPUWrangler.framework/Versions/A/GPUWrangler
0x0000000192bb0000 	/System/Library/PrivateFrameworks/IOPresentment.framework/Versions/A/IOPresentment
0x0000000192bd8000 	/System/Library/PrivateFrameworks/DSExternalDisplay.framework/Versions/A/DSExternalDisplay
0x0000000231aa2000 	/System/Library/PrivateFrameworks/ArgumentParserInternal.framework/Versions/A/ArgumentParserInternal
0x00000002318fa000 	/System/Library/PrivateFrameworks/AppleMobileFileIntegrity.framework/Versions/A/AppleMobileFileIntegrity
0x0000000277f02000 	/usr/lib/libTLE.dylib
0x00000001e25d0000 	/System/Library/PrivateFrameworks/ConfigProfileHelper.framework/Versions/A/ConfigProfileHelper
0x00000001d74c9000 	/usr/lib/libedit.3.dylib
0x000000024e389000 	/System/Library/PrivateFrameworks/MIL.framework/Versions/A/MIL
0x00000001b1bfc000 	/usr/lib/libncurses.5.4.dylib
0x000000018f38b000 	/System/Library/PrivateFrameworks/CoreEmoji.framework/Versions/A/CoreEmoji
0x00000001820a2000 	/usr/lib/libCRFSuite.dylib
0x000000018e15f000 	/System/Library/PrivateFrameworks/CoreNLP.framework/Versions/A/CoreNLP
0x000000018f707000 	/usr/lib/libmecab.dylib
0x00000001905e7000 	/usr/lib/libThaiTokenizer.dylib
0x00000001d1b11000 	/System/Library/PrivateFrameworks/HIDDisplay.framework/Versions/A/HIDDisplay
0x0000000192c0a000 	/System/Library/Frameworks/ApplicationServices.framework/Versions/A/Frameworks/ATSUI.framework/Versions/A/ATSUI
0x00000001948ca000 	/usr/lib/libcups.2.dylib
0x0000000194960000 	/System/Library/Frameworks/Kerberos.framework/Versions/A/Kerberos
0x00000001945c5000 	/usr/lib/libresolv.9.dylib
0x00000001920be000 	/System/Library/PrivateFrameworks/Heimdal.framework/Versions/A/Heimdal
0x000000019d112000 	/System/Library/Frameworks/Kerberos.framework/Versions/A/Libraries/libHeimdalProxy.dylib
0x00000001949c4000 	/System/Library/PrivateFrameworks/CommonAuth.framework/Versions/A/CommonAuth
0x00000001a5d62000 	/System/Library/PrivateFrameworks/AXCoreUtilities.framework/Versions/A/AXCoreUtilities
0x0000000277955000 	/usr/lib/libAXSafeCategoryBundle.dylib
0x000000018f270000 	/System/Library/Frameworks/Accelerate.framework/Versions/A/Frameworks/vecLib.framework/Versions/A/libvDSP.dylib
0x0000000190733000 	/System/Library/Frameworks/Accelerate.framework/Versions/A/Frameworks/vecLib.framework/Versions/A/libLAPACK.dylib
0x000000018f76b000 	/System/Library/Frameworks/Accelerate.framework/Versions/A/Frameworks/vecLib.framework/Versions/A/libLinearAlgebra.dylib
0x000000019062c000 	/System/Library/Frameworks/Accelerate.framework/Versions/A/Frameworks/vecLib.framework/Versions/A/libSparseBLAS.dylib
0x000000019072e000 	/System/Library/Frameworks/Accelerate.framework/Versions/A/Frameworks/vecLib.framework/Versions/A/libQuadrature.dylib
0x000000018e288000 	/System/Library/Frameworks/Accelerate.framework/Versions/A/Frameworks/vecLib.framework/Versions/A/libBNNS.dylib
0x0000000181e9b000 	/System/Library/Frameworks/Accelerate.framework/Versions/A/Frameworks/vecLib.framework/Versions/A/libSparse.dylib
0x0000000194929000 	/System/Library/PrivateFrameworks/NetAuth.framework/Versions/A/NetAuth
0x000000018b121000 	/System/Library/PrivateFrameworks/login.framework/Versions/A/Frameworks/loginsupport.framework/Versions/A/loginsupport
0x000000018f6d1000 	/usr/lib/libCheckFix.dylib
0x000000018a2a9000 	/System/Library/PrivateFrameworks/MetadataUtilities.framework/Versions/A/MetadataUtilities
0x0000000249de4000 	/System/Library/PrivateFrameworks/InstalledContentLibrary.framework/Versions/A/InstalledContentLibrary
0x0000000184dfc000 	/System/Library/PrivateFrameworks/CoreServicesStore.framework/Versions/A/CoreServicesStore
0x00000001bfbae000 	/System/Library/PrivateFrameworks/MobileSystemServices.framework/Versions/A/MobileSystemServices
0x0000000191a98000 	/usr/lib/libxslt.1.dylib
0x000000018f691000 	/System/Library/PrivateFrameworks/BackgroundTaskManagement.framework/Versions/A/BackgroundTaskManagement
0x000000019c7cb000 	/usr/lib/libcurl.4.dylib
0x000000027813a000 	/usr/lib/libcrypto.46.dylib
0x0000000278d54000 	/usr/lib/libssl.48.dylib
0x000000019c4a2000 	/System/Library/Frameworks/LDAP.framework/Versions/A/LDAP
0x000000019c4de000 	/System/Library/PrivateFrameworks/TrustEvaluationAgent.framework/Versions/A/TrustEvaluationAgent
0x00000001945e2000 	/usr/lib/libsasl2.2.dylib
0x00000001a9b85000 	/usr/lib/swift/libswiftCoreGraphics.dylib
0x00000001990b8000 	/usr/lib/swift/libswiftFoundation.dylib
0x00000001e1f9f000 	/usr/lib/swift/libswiftSwiftOnoneSupport.dylib
0x00000002793c0000 	/usr/lib/swift/libswiftsys_time.dylib
0x00000001cda84000 	/System/Library/PrivateFrameworks/CoreMaterial.framework/Versions/A/CoreMaterial
0x0000000279106000 	/usr/lib/swift/libswiftSpatial.dylib
0x0000000277eff000 	/usr/lib/libSpatial.dylib
0x0000000277873000 	/System/Library/SubFrameworks/UIUtilities.framework/Versions/A/UIUtilities
0x0000000103838000 	/Library/Java/JavaVirtualMachines/jdk-21.jdk/Contents/Home/lib/server/libjvm.dylib
0x000000010243c000 	/Library/Java/JavaVirtualMachines/jdk-21.jdk/Contents/Home/lib/libjimage.dylib
0x0000000102468000 	/Library/Java/JavaVirtualMachines/jdk-21.jdk/Contents/Home/lib/libinstrument.dylib
0x00000001024b0000 	/Library/Java/JavaVirtualMachines/jdk-21.jdk/Contents/Home/lib/libjava.dylib
0x0000000102720000 	/Library/Java/JavaVirtualMachines/jdk-21.jdk/Contents/Home/lib/libzip.dylib
0x00000001027ac000 	/Library/Java/JavaVirtualMachines/jdk-21.jdk/Contents/Home/lib/libnio.dylib
0x00000001026f8000 	/Library/Java/JavaVirtualMachines/jdk-21.jdk/Contents/Home/lib/libnet.dylib
0x00000001027cc000 	/Library/Java/JavaVirtualMachines/jdk-21.jdk/Contents/Home/lib/libextnet.dylib
0x00000001027e0000 	/Users/kimngan/.openjfx/cache/21+31/aarch64/libprism_es2.dylib
0x00000001ab563000 	/System/Library/Frameworks/Carbon.framework/Versions/A/Carbon
0x00000001a1bf4000 	/System/Library/Frameworks/Carbon.framework/Versions/A/Frameworks/CommonPanels.framework/Versions/A/CommonPanels
0x000000019c7b6000 	/System/Library/Frameworks/Carbon.framework/Versions/A/Frameworks/Help.framework/Versions/A/Help
0x00000001a1bf8000 	/System/Library/Frameworks/Carbon.framework/Versions/A/Frameworks/ImageCapture.framework/Versions/A/ImageCapture
0x00000001a1bd3000 	/System/Library/Frameworks/Carbon.framework/Versions/A/Frameworks/OpenScripting.framework/Versions/A/OpenScripting
0x00000001a1bf3000 	/System/Library/Frameworks/Carbon.framework/Versions/A/Frameworks/Ink.framework/Versions/A/Ink
0x00000001a1bf0000 	/System/Library/Frameworks/Carbon.framework/Versions/A/Frameworks/SecurityHI.framework/Versions/A/SecurityHI
0x00000001e5a20000 	/System/Library/Frameworks/OpenGL.framework/Versions/A/Resources/GLEngine.bundle/GLEngine
0x00000001e58c2000 	/System/Library/Frameworks/OpenGL.framework/Versions/A/Libraries/libGLProgrammability.dylib
0x0000000106cb0000 	/System/Library/Extensions/AppleMetalOpenGLRenderer.bundle/Contents/MacOS/AppleMetalOpenGLRenderer
0x00000001e5b81000 	/System/Library/Frameworks/OpenGL.framework/Versions/A/Resources/GLRendererFloat.bundle/GLRendererFloat
0x0000000106d48000 	/System/Library/Extensions/AGXMetalG14G.bundle/Contents/MacOS/AGXMetalG14G
0x00000001a4ed4000 	/System/Library/PrivateFrameworks/IOGPU.framework/Versions/A/IOGPU
0x0000000106c1c000 	/Users/kimngan/.openjfx/cache/21+31/aarch64/libglass.dylib
0x000000018adc0000 	/System/Library/PrivateFrameworks/ViewBridge.framework/Versions/A/ViewBridge
0x00000001e6053000 	/System/Library/Frameworks/AppIntents.framework/Versions/A/AppIntents
0x000000022a092000 	/System/Library/Frameworks/RelevanceKit.framework/Versions/A/RelevanceKit
0x000000019022d000 	/System/Library/Frameworks/CoreSpotlight.framework/Versions/A/CoreSpotlight
0x000000024deb1000 	/System/Library/PrivateFrameworks/LinkServices.framework/Versions/A/LinkServices
0x000000023bee0000 	/System/Library/PrivateFrameworks/DoNotDisturb.framework/Versions/A/DoNotDisturb
0x000000024dd10000 	/System/Library/PrivateFrameworks/LinkMetadata.framework/Versions/A/LinkMetadata
0x00000001acb95000 	/usr/lib/swift/libswiftIntents.dylib
0x00000001b1d57000 	/System/Library/PrivateFrameworks/IntentsCore.framework/Versions/A/IntentsCore
0x0000000232318000 	/System/Library/PrivateFrameworks/AvailabilityKit.framework/Versions/A/AvailabilityKit
0x000000022f7b0000 	/System/Library/PrivateFrameworks/AppIntentSchemas.framework/Versions/A/AppIntentSchemas
0x0000000243705000 	/System/Library/PrivateFrameworks/GRDBInternal.framework/Versions/A/GRDBInternal
0x0000000265ee6000 	/System/Library/PrivateFrameworks/StatusKit.framework/Versions/A/StatusKit
0x0000000199c27000 	/System/Library/PrivateFrameworks/GenerationalStorage.framework/Versions/A/GenerationalStorage
0x0000000199a50000 	/System/Library/Frameworks/FileProvider.framework/Versions/A/FileProvider
0x0000000186862000 	/System/Library/PrivateFrameworks/DesktopServicesPriv.framework/Versions/A/DesktopServicesPriv
0x00000001ac60a000 	/System/Library/PrivateFrameworks/FTServices.framework/Versions/A/FTServices
0x000000019c09a000 	/System/Library/PrivateFrameworks/CoreWiFi.framework/Versions/A/CoreWiFi
0x000000018caa4000 	/System/Library/Frameworks/CoreLocation.framework/Versions/A/CoreLocation
0x000000019ba32000 	/System/Library/Frameworks/Intents.framework/Versions/A/Intents
0x000000022c796000 	/System/Library/Frameworks/_LocationEssentials.framework/Versions/A/_LocationEssentials
0x00000001901dc000 	/System/Library/Frameworks/UserNotifications.framework/Versions/A/UserNotifications
0x0000000195db1000 	/System/Library/PrivateFrameworks/Sharing.framework/Versions/A/Sharing
0x000000019c099000 	/System/Library/PrivateFrameworks/Apple80211.framework/Versions/A/Apple80211
0x000000018f3d3000 	/System/Library/Frameworks/CoreWLAN.framework/Versions/A/CoreWLAN
0x00000001b31a4000 	/usr/lib/swift/libswiftCoreLocation.dylib
0x00000001d959c000 	/System/Library/PrivateFrameworks/WiFiPeerToPeer.framework/Versions/A/WiFiPeerToPeer
0x0000000278874000 	/usr/lib/libmrc.dylib
0x000000024944b000 	/System/Library/PrivateFrameworks/IPConfiguration.framework/Versions/A/IPConfiguration
0x00000001cda46000 	/System/Library/PrivateFrameworks/Netrb.framework/Versions/A/Netrb
0x0000000196511000 	/System/Library/PrivateFrameworks/GeoServices.framework/Versions/A/GeoServices
0x0000000194250000 	/System/Library/PrivateFrameworks/LocationSupport.framework/Versions/A/LocationSupport
0x0000000246587000 	/System/Library/PrivateFrameworks/GeoServicesCore.framework/Versions/A/GeoServicesCore
0x00000001a5d56000 	/System/Library/PrivateFrameworks/PhoneNumbers.framework/Versions/A/PhoneNumbers
0x000000024e27d000 	/System/Library/PrivateFrameworks/LocationLogEncryption.framework/Versions/A/LocationLogEncryption
0x0000000195772000 	/System/Library/PrivateFrameworks/IDS.framework/Versions/A/IDS
0x00000001d42ae000 	/System/Library/Frameworks/CryptoKit.framework/Versions/A/CryptoKit
0x000000019d10e000 	/System/Library/PrivateFrameworks/CryptoKitCBridging.framework/Versions/A/CryptoKitCBridging
0x000000019a7fc000 	/System/Library/Frameworks/CryptoTokenKit.framework/Versions/A/CryptoTokenKit
0x000000019a87c000 	/System/Library/Frameworks/LocalAuthentication.framework/Versions/A/LocalAuthentication
0x000000024e0ab000 	/System/Library/PrivateFrameworks/LocalAuthenticationCore.framework/Versions/A/LocalAuthenticationCore
0x000000024e22b000 	/System/Library/PrivateFrameworks/LocalAuthenticationCredentialServices.framework/Versions/A/LocalAuthenticationCredentialServices
0x000000019a8e9000 	/System/Library/Frameworks/LocalAuthentication.framework/Support/SharedUtils.framework/Versions/A/SharedUtils
0x00000001941d7000 	/System/Library/PrivateFrameworks/IMFoundation.framework/Versions/A/IMFoundation
0x00000001a51ce000 	/System/Library/PrivateFrameworks/Marco.framework/Versions/A/Marco
0x000000019594f000 	/System/Library/PrivateFrameworks/IDSFoundation.framework/Versions/A/IDSFoundation
0x0000000188c10000 	/System/Library/PrivateFrameworks/CommonUtilities.framework/Versions/A/CommonUtilities
0x00000001a1bbb000 	/System/Library/PrivateFrameworks/Engram.framework/Versions/A/Engram
0x00000001ba534000 	/usr/lib/swift/libswiftCompression.dylib
0x00000001a1b59000 	/usr/lib/libtidy.A.dylib
0x00000001923bf000 	/System/Library/PrivateFrameworks/Bom.framework/Versions/A/Bom
0x0000000194603000 	/usr/lib/libParallelCompression.dylib
0x00000001baebc000 	/System/Library/PrivateFrameworks/FTAWD.framework/Versions/A/FTAWD
0x0000000184f39000 	/usr/lib/libsandbox.1.dylib
0x0000000191d79000 	/usr/lib/libMatch.1.dylib
0x000000019d1d1000 	/System/Library/PrivateFrameworks/IntentsFoundation.framework/Versions/A/IntentsFoundation
0x00000001b3189000 	/System/Library/Frameworks/Accelerate.framework/Versions/A/Frameworks/vImage.framework/Versions/A/Libraries/libCGInterfaces.dylib
0x0000000107dec000 	/usr/lib/libobjc-trampolines.dylib
0x0000000277959000 	/usr/lib/libAccessibilityBaseImplementations.dylib
0x000000022c6a6000 	/System/Library/Frameworks/_AppIntents_AppKit.framework/Versions/A/_AppIntents_AppKit
0x00000001c06ef000 	/System/Library/PrivateFrameworks/AccessibilitySupport.framework/Versions/A/Frameworks/AccessibilityFoundation.framework/Versions/A/AccessibilityFoundation
0x000000019217f000 	/System/Library/PrivateFrameworks/login.framework/Versions/A/login
0x00000001c055b000 	/System/Library/PrivateFrameworks/UIKitServices.framework/Versions/A/UIKitServices
0x0000000271dc2000 	/System/Library/PrivateFrameworks/WritingToolsUI.framework/Versions/A/WritingToolsUI
0x0000000245f81000 	/System/Library/PrivateFrameworks/GenerativeAssistantSettings.framework/Versions/A/GenerativeAssistantSettings
0x0000000267c7a000 	/System/Library/PrivateFrameworks/TextComposer.framework/Versions/A/TextComposer
0x0000000245f59000 	/System/Library/PrivateFrameworks/GenerativeAssistantCommon.framework/Versions/A/GenerativeAssistantCommon
0x00000001b4205000 	/System/Library/Frameworks/SwiftUI.framework/Versions/A/SwiftUI
0x000000022c6e4000 	/System/Library/Frameworks/_AuthenticationServices_SwiftUI.framework/Versions/A/_AuthenticationServices_SwiftUI
0x000000022f51b000 	/System/Library/PrivateFrameworks/Anvil.framework/Versions/A/Anvil
0x00000001b37c5000 	/System/Library/PrivateFrameworks/AppStoreDaemon.framework/Versions/A/AppStoreDaemon
0x000000019f729000 	/System/Library/PrivateFrameworks/AppleMediaServices.framework/Versions/A/AppleMediaServices
0x000000024641e000 	/System/Library/PrivateFrameworks/GenerativePartnerServiceUI.framework/Versions/A/GenerativePartnerServiceUI
0x00000001e1566000 	/System/Library/PrivateFrameworks/JetEngine.framework/Versions/A/JetEngine
0x0000000267b57000 	/System/Library/PrivateFrameworks/TextAnimationSupport.framework/Versions/A/TextAnimationSupport
0x000000025b2c3000 	/System/Library/PrivateFrameworks/RecapPerformanceTesting.framework/Versions/A/RecapPerformanceTesting
0x00000001ad45b000 	/System/Library/PrivateFrameworks/SignpostCollection.framework/Versions/A/SignpostCollection
0x00000002321dd000 	/System/Library/PrivateFrameworks/AuthenticationServicesCore.framework/Versions/A/AuthenticationServicesCore
0x00000001b6b8a000 	/System/Library/Frameworks/AuthenticationServices.framework/Versions/A/AuthenticationServices
0x0000000191d13000 	/System/Library/PrivateFrameworks/SharedWebCredentials.framework/Versions/A/SharedWebCredentials
0x00000001ae312000 	/System/Library/PrivateFrameworks/SafariCore.framework/Versions/A/SafariCore
0x00000001b66d1000 	/System/Library/PrivateFrameworks/SafariFoundation.framework/Versions/A/SafariFoundation
0x0000000199374000 	/System/Library/Frameworks/Contacts.framework/Versions/A/Contacts
0x00000002333f4000 	/System/Library/PrivateFrameworks/CBORLibrary.framework/Versions/A/CBORLibrary
0x00000002343a3000 	/System/Library/PrivateFrameworks/Chirp.framework/Versions/A/Chirp
0x0000000234f52000 	/System/Library/PrivateFrameworks/CloudSubscriptionFeatures.framework/Versions/A/CloudSubscriptionFeatures
0x00000001990b9000 	/System/Library/PrivateFrameworks/ContactsFoundation.framework/Versions/A/ContactsFoundation
0x00000001e28fd000 	/System/Library/PrivateFrameworks/RemoteManagement.framework/Versions/A/RemoteManagement
0x000000025b643000 	/System/Library/PrivateFrameworks/RemoteManagementModel.framework/Versions/A/RemoteManagementModel
0x000000025b6d4000 	/System/Library/PrivateFrameworks/RemoteManagementStore.framework/Versions/A/RemoteManagementStore
0x0000000196359000 	/usr/lib/libxcselect.dylib
0x00000001b6641000 	/System/Library/PrivateFrameworks/DifferentialPrivacy.framework/Versions/A/DifferentialPrivacy
0x000000025057d000 	/System/Library/PrivateFrameworks/ManagedSettingsObjC.framework/Versions/A/ManagedSettingsObjC
0x000000024e282000 	/System/Library/PrivateFrameworks/LockdownMode.framework/Versions/A/LockdownMode
0x000000026c8df000 	/System/Library/PrivateFrameworks/VDAF.framework/Versions/A/VDAF
0x000000019918e000 	/System/Library/PrivateFrameworks/ContactsPersistence.framework/Versions/A/ContactsPersistence
0x0000000198300000 	/System/Library/PrivateFrameworks/AppleLDAP.framework/Versions/A/AppleLDAP
0x000000019cb6a000 	/System/Library/Frameworks/ClassKit.framework/Versions/A/ClassKit
0x000000019eddb000 	/System/Library/PrivateFrameworks/CoreSuggestions.framework/Versions/A/CoreSuggestions
0x000000019a7aa000 	/System/Library/PrivateFrameworks/vCard.framework/Versions/A/vCard
0x0000000235b0f000 	/System/Library/PrivateFrameworks/ContactsMetrics.framework/Versions/A/ContactsMetrics
0x0000000250577000 	/System/Library/PrivateFrameworks/ManagedOrganizationContacts.framework/Versions/A/ManagedOrganizationContacts
0x000000018b59e000 	/System/Library/PrivateFrameworks/CloudDocs.framework/Versions/A/CloudDocs
0x00000001a571e000 	/System/Library/PrivateFrameworks/ProactiveEventTracker.framework/Versions/A/ProactiveEventTracker
0x00000001946a5000 	/System/Library/PrivateFrameworks/CoreFollowUp.framework/Versions/A/CoreFollowUp
0x000000019e31b000 	/System/Library/PrivateFrameworks/ConfigurationProfiles.framework/Versions/A/ConfigurationProfiles
0x000000023b0e1000 	/System/Library/PrivateFrameworks/DMCUtilities.framework/Versions/A/DMCUtilities
0x000000024e300000 	/System/Library/PrivateFrameworks/MDMClientLibrary.framework/Versions/A/MDMClientLibrary
0x000000025b6c8000 	/System/Library/PrivateFrameworks/RemoteManagementProtocol.framework/Versions/A/RemoteManagementProtocol
0x0000000277cf4000 	/usr/lib/libEndpointSecuritySystem.dylib
0x00000001989df000 	/System/Library/PrivateFrameworks/SystemAdministration.framework/Versions/A/SystemAdministration
0x00000001a36fd000 	/System/Library/PrivateFrameworks/PowerlogControl.framework/Versions/A/PowerlogControl
0x000000018f6c2000 	/System/Library/Frameworks/ServiceManagement.framework/Versions/A/ServiceManagement
0x00000001a36ff000 	/usr/lib/libUniversalAccess.dylib
0x00000001a0126000 	/System/Library/PrivateFrameworks/FamilyControls.framework/Versions/A/FamilyControls
0x00000001982d6000 	/System/Library/Frameworks/DirectoryService.framework/Versions/A/DirectoryService
0x000000019c84d000 	/System/Library/PrivateFrameworks/LoginUIKit.framework/Versions/A/Frameworks/LoginUICore.framework/Versions/A/LoginUICore
0x00000001923bd000 	/usr/lib/libodfde.dylib
0x00000001a0120000 	/System/Library/PrivateFrameworks/UniversalAccess.framework/Versions/A/Libraries/libUAPreferences.dylib
0x00000001a014a000 	/System/Library/PrivateFrameworks/CommerceKit.framework/Versions/A/Frameworks/CommerceCore.framework/Versions/A/CommerceCore
0x000000023b04e000 	/System/Library/PrivateFrameworks/DEPClientLibrary.framework/Versions/A/DEPClientLibrary
0x000000023b077000 	/System/Library/PrivateFrameworks/DMCEnrollmentLibrary.framework/Versions/A/DMCEnrollmentLibrary
0x00000001a37e8000 	/System/Library/PrivateFrameworks/SetupAssistantFramework.framework/Versions/A/SetupAssistantFramework
0x000000019cf4e000 	/System/Library/PrivateFrameworks/AuthKitUI.framework/Versions/A/AuthKitUI
0x000000019c897000 	/System/Library/PrivateFrameworks/AppSSO.framework/Versions/A/AppSSO
0x00000001b3522000 	/System/Library/PrivateFrameworks/LocalAuthenticationUI.framework/Versions/A/LocalAuthenticationUI
0x00000002595a4000 	/System/Library/PrivateFrameworks/PlatformSSO.framework/Versions/A/PlatformSSO
0x00000001b3fca000 	/System/Library/PrivateFrameworks/AOSUI.framework/Versions/A/AOSUI
0x00000001a54eb000 	/System/Library/Frameworks/ContactsUI.framework/Versions/A/ContactsUI
0x00000001995fa000 	/System/Library/PrivateFrameworks/FamilyCircle.framework/Versions/A/FamilyCircle
0x00000001c1b83000 	/System/Library/Frameworks/LinkPresentation.framework/Versions/A/LinkPresentation
0x0000000226a89000 	/System/Library/Frameworks/LocalAuthenticationEmbeddedUI.framework/Versions/A/LocalAuthenticationEmbeddedUI
0x0000000259690000 	/System/Library/PrivateFrameworks/PlatformSSOCore.framework/Versions/A/PlatformSSOCore
0x00000001a50bb000 	/System/Library/PrivateFrameworks/IASUtilities.framework/Versions/A/IASUtilities
0x0000000249314000 	/System/Library/PrivateFrameworks/IASUtilitiesCore.framework/Versions/A/IASUtilitiesCore
0x00000001ad46b000 	/System/Library/PrivateFrameworks/OnBoardingKit.framework/Versions/A/OnBoardingKit
0x000000025b73d000 	/System/Library/PrivateFrameworks/RemoteUI.framework/Versions/A/RemoteUI
0x00000001a9c63000 	/System/Library/Frameworks/WebKit.framework/Versions/A/WebKit
0x00000001a1bfb000 	/System/Library/Frameworks/JavaScriptCore.framework/Versions/A/JavaScriptCore
0x000000024d6d2000 	/System/Library/PrivateFrameworks/LiftUI.framework/Versions/A/LiftUI
0x000000025dbfb000 	/System/Library/PrivateFrameworks/Settings.framework/Versions/A/Settings
0x00000002723cb000 	/System/Library/PrivateFrameworks/_IconServices_SwiftUI.framework/Versions/A/_IconServices_SwiftUI
0x00000001e6aa4000 	/System/Library/Frameworks/BrowserEngineCore.framework/Versions/A/BrowserEngineCore
0x000000019f0da000 	/System/Library/Frameworks/WebKit.framework/Versions/A/Frameworks/WebKitLegacy.framework/Versions/A/WebKitLegacy
0x000000019cef6000 	/System/Library/PrivateFrameworks/CorePrediction.framework/Versions/A/CorePrediction
0x000000018bea5000 	/System/Library/Frameworks/WebKit.framework/Versions/A/Frameworks/WebCore.framework/Versions/A/Frameworks/libwebrtc.dylib
0x00000001a9bef000 	/System/Library/PrivateFrameworks/SafariSafeBrowsing.framework/Versions/A/SafariSafeBrowsing
0x000000019466b000 	/System/Library/Frameworks/SecurityInterface.framework/Versions/A/SecurityInterface
0x00000001ad46a000 	/System/Library/PrivateFrameworks/WebInspectorUI.framework/Versions/A/WebInspectorUI
0x00000001a5e94000 	/System/Library/Frameworks/WebKit.framework/Versions/A/Frameworks/WebCore.framework/Versions/A/WebCore
0x000000022c26a000 	/System/Library/Frameworks/WebKit.framework/Versions/A/Frameworks/WebCore.framework/Versions/A/Frameworks/libANGLE-shared.dylib
0x000000027070b000 	/System/Library/PrivateFrameworks/WebGPU.framework/Versions/A/WebGPU
0x00000001af32a000 	/System/Library/Frameworks/SceneKit.framework/Versions/A/SceneKit
0x00000001c03f0000 	/System/Library/Frameworks/ModelIO.framework/Versions/A/ModelIO
0x000000019633b000 	/System/Library/Frameworks/MetalKit.framework/Versions/A/MetalKit
0x0000000198603000 	/System/Library/Frameworks/GLKit.framework/Versions/A/GLKit
0x0000000279695000 	/usr/lib/usd/libusd_ms.dylib
0x000000026bdf3000 	/System/Library/PrivateFrameworks/USDLib_FormatLoaderProxy.framework/Versions/A/USDLib_FormatLoaderProxy
0x00000002793bb000 	/usr/lib/swift/libswift_errno.dylib
0x00000001ac5eb000 	/System/Library/PrivateFrameworks/CoreOptimization.framework/Versions/A/CoreOptimization
0x000000022583a000 	/System/Library/Frameworks/ExtensionKit.framework/Versions/A/ExtensionKit
0x0000000234ea0000 	/System/Library/PrivateFrameworks/CloudSettings.framework/Versions/A/CloudSettings
0x000000019eeac000 	/System/Library/Frameworks/EventKit.framework/Versions/A/EventKit
0x00000001ad67c000 	/System/Library/PrivateFrameworks/SearchFoundation.framework/Versions/A/SearchFoundation
0x00000001c3c17000 	/System/Library/PrivateFrameworks/Email.framework/Versions/A/Email
0x00000001ac1bc000 	/System/Library/PrivateFrameworks/CoreRoutine.framework/Versions/A/CoreRoutine
0x00000001e227f000 	/System/Library/PrivateFrameworks/VoiceShortcutClient.framework/Versions/A/VoiceShortcutClient
0x00000001bba16000 	/System/Library/PrivateFrameworks/Categories.framework/Versions/A/Categories
0x00000001b3e80000 	/System/Library/PrivateFrameworks/ChronoServices.framework/Versions/A/ChronoServices
0x0000000233e7e000 	/System/Library/PrivateFrameworks/CalendarDatabase.framework/Versions/A/CalendarDatabase
0x0000000233dca000 	/System/Library/PrivateFrameworks/CalendarDaemon.framework/Versions/A/CalendarDaemon
0x000000019e245000 	/System/Library/PrivateFrameworks/CalendarFoundation.framework/Versions/A/CalendarFoundation
0x000000019e201000 	/System/Library/PrivateFrameworks/iCalendar.framework/Versions/A/iCalendar
0x000000023b2df000 	/System/Library/PrivateFrameworks/DataAccessExpress.framework/Versions/A/DataAccessExpress
0x00000001a5648000 	/System/Library/PrivateFrameworks/ContactsAutocomplete.framework/Versions/A/ContactsAutocomplete
0x00000002791a5000 	/usr/lib/swift/libswiftVideoToolbox.dylib
0x00000001b3dd0000 	/System/Library/PrivateFrameworks/FTClientServices.framework/Versions/A/FTClientServices
0x0000000279017000 	/usr/lib/swift/libswiftCoreMediaIO.dylib
0x00000001a4f45000 	/System/Library/PrivateFrameworks/CoreDAV.framework/Versions/A/CoreDAV
0x000000019ed7c000 	/System/Library/PrivateFrameworks/CalDAV.framework/Versions/A/CalDAV
0x00000001a98ef000 	/System/Library/PrivateFrameworks/TelephonyUtilities.framework/Versions/A/TelephonyUtilities
0x0000000226a46000 	/System/Library/Frameworks/LiveCommunicationKit.framework/Versions/A/LiveCommunicationKit
0x0000000235773000 	/System/Library/PrivateFrameworks/CommunicationTrust.framework/Versions/A/CommunicationTrust
0x00000001ae125000 	/System/Library/Frameworks/CallKit.framework/Versions/A/CallKit
0x00000001995f3000 	/System/Library/PrivateFrameworks/CommunicationsFilter.framework/Versions/A/CommunicationsFilter
0x00000001d7604000 	/System/Library/PrivateFrameworks/IMTransferServices.framework/Versions/A/IMTransferServices
0x00000001ac604000 	/System/Library/PrivateFrameworks/IncomingCallFilter.framework/Versions/A/IncomingCallFilter
0x000000025429c000 	/System/Library/PrivateFrameworks/NeighborhoodActivityConduit.framework/Versions/A/NeighborhoodActivityConduit
0x00000001b05e3000 	/System/Library/PrivateFrameworks/CallHistory.framework/Versions/A/CallHistory
0x0000000277b84000 	/usr/lib/libBASupport.dylib
0x0000000234286000 	/System/Library/PrivateFrameworks/CallsUtilities.framework/Versions/A/CallsUtilities
0x0000000234291000 	/System/Library/PrivateFrameworks/CallsXPC.framework/Versions/A/CallsXPC
0x00000001e2a5b000 	/usr/lib/swift/libswiftCallKit.dylib
0x0000000234279000 	/System/Library/PrivateFrameworks/CallsPersistence.framework/Versions/A/CallsPersistence
0x000000022a368000 	/System/Library/Frameworks/SensitiveContentAnalysis.framework/Versions/A/SensitiveContentAnalysis
0x00000001b15e6000 	/System/Library/PrivateFrameworks/PeopleSuggester.framework/Versions/A/PeopleSuggester
0x00000001ba8af000 	/System/Library/PrivateFrameworks/SpotlightReceiver.framework/Versions/A/SpotlightReceiver
0x0000000272393000 	/System/Library/PrivateFrameworks/_AppIntentsServices_AppIntents.framework/Versions/A/_AppIntentsServices_AppIntents
0x000000022f817000 	/System/Library/PrivateFrameworks/AppIntentsServices.framework/Versions/A/AppIntentsServices
0x000000019e1e9000 	/System/Library/PrivateFrameworks/CoreRecents.framework/Versions/A/CoreRecents
0x0000000225f3c000 	/System/Library/Frameworks/GeoToolbox.framework/Versions/A/GeoToolbox
0x000000022c763000 	/System/Library/Frameworks/_GeoToolbox_AppIntents.framework/Versions/A/_GeoToolbox_AppIntents
0x00000001cd496000 	/System/Library/PrivateFrameworks/DiagnosticRequest.framework/Versions/A/DiagnosticRequest
0x00000002722d8000 	/System/Library/PrivateFrameworks/XPCDistributed.framework/Versions/A/XPCDistributed
0x000000025b358000 	/System/Library/PrivateFrameworks/RegulatoryDomain.framework/Versions/A/RegulatoryDomain
0x00000001986da000 	/usr/lib/libCTGreenTeaLogger.dylib
0x000000024e255000 	/System/Library/PrivateFrameworks/LocalStatusKit.framework/Versions/A/LocalStatusKit
0x00000001a97dd000 	/System/Library/PrivateFrameworks/CoreParsec.framework/Versions/A/CoreParsec
0x00000001c3c0b000 	/System/Library/PrivateFrameworks/EmailAddressing.framework/Versions/A/EmailAddressing
0x00000001bfc74000 	/System/Library/PrivateFrameworks/EmailCore.framework/Versions/A/EmailCore
0x00000001c0c80000 	/System/Library/PrivateFrameworks/EmailFoundation.framework/Versions/A/EmailFoundation
0x00000002571d5000 	/System/Library/PrivateFrameworks/PegasusAPI.framework/Versions/A/PegasusAPI
0x0000000257cd0000 	/System/Library/PrivateFrameworks/PegasusConfiguration.framework/Versions/A/PegasusConfiguration
0x000000026a6a5000 	/System/Library/PrivateFrameworks/ToolKit.framework/Versions/A/ToolKit
0x000000025bab6000 	/System/Library/PrivateFrameworks/ReplicatorEngine.framework/Versions/A/ReplicatorEngine
0x000000025bc4d000 	/System/Library/PrivateFrameworks/ReplicatorServices.framework/Versions/A/ReplicatorServices
0x00000002673a0000 	/System/Library/PrivateFrameworks/SystemWake.framework/Versions/A/SystemWake
0x00000001ae2f8000 	/System/Library/PrivateFrameworks/ContextKit.framework/Versions/A/ContextKit
0x0000000235c53000 	/System/Library/PrivateFrameworks/ContextKitCore.framework/Versions/A/ContextKitCore
0x00000001ac888000 	/System/Library/Frameworks/LocalAuthentication.framework/Support/DaemonUtils.framework/Versions/A/DaemonUtils
0x000000024e1ea000 	/System/Library/PrivateFrameworks/LocalAuthenticationCoreUI.framework/Versions/A/LocalAuthenticationCoreUI
0x00000001afc78000 	/System/Library/PrivateFrameworks/BridgeXPC.framework/Versions/A/BridgeXPC
0x00000001ad545000 	/System/Library/PrivateFrameworks/CoreKDL.framework/Versions/A/CoreKDL
0x00000001abb86000 	/System/Library/PrivateFrameworks/EmbeddedOSSupportHost.framework/Versions/A/EmbeddedOSSupportHost
0x00000001a0be2000 	/System/Library/PrivateFrameworks/LoginUIKit.framework/Versions/A/LoginUIKit
0x00000001bbee5000 	/System/Library/PrivateFrameworks/StorageKit.framework/Versions/A/StorageKit
0x00000001e420a000 	/System/Library/Frameworks/DeviceCheck.framework/Versions/A/DeviceCheck
0x00000001bbf5e000 	/System/Library/PrivateFrameworks/CoreWLANKit.framework/Versions/A/CoreWLANKit
0x000000026fad8000 	/System/Library/PrivateFrameworks/Wallpaper.framework/Versions/A/Wallpaper
0x0000000279032000 	/usr/lib/swift/libswiftGLKit.dylib
0x000000027903d000 	/usr/lib/swift/libswiftMetalKit.dylib
0x0000000279041000 	/usr/lib/swift/libswiftModelIO.dylib
0x0000000279103000 	/usr/lib/swift/libswiftSceneKit.dylib
0x000000022587d000 	/System/Library/Frameworks/FSKit.framework/Versions/A/FSKit
0x000000023bbb4000 	/System/Library/PrivateFrameworks/DiskImages2.framework/Versions/A/DiskImages2
0x000000024e035000 	/System/Library/PrivateFrameworks/LiveFS.framework/Versions/A/LiveFS
0x00000001c4b3a000 	/System/Library/PrivateFrameworks/DynamicDesktop.framework/Versions/A/DynamicDesktop
0x000000026fc61000 	/System/Library/PrivateFrameworks/WallpaperFoundation.framework/Versions/A/WallpaperFoundation
0x000000026fcbd000 	/System/Library/PrivateFrameworks/WallpaperTypes.framework/Versions/A/WallpaperTypes
0x00000001d9326000 	/System/Library/PrivateFrameworks/SystemDesktopAppearance.framework/Versions/A/SystemDesktopAppearance
0x00000002753ef000 	/System/Library/PrivateFrameworks/icloudMCCKit.framework/Versions/A/icloudMCCKit
0x0000000230746000 	/System/Library/PrivateFrameworks/AppleAccountUI.framework/Versions/A/AppleAccountUI
0x00000001cda50000 	/System/Library/PrivateFrameworks/PreferencePanesSupport.framework/Versions/A/PreferencePanesSupport
0x00000001b417c000 	/System/Library/PrivateFrameworks/FindMyDeviceUI.framework/Versions/A/FindMyDeviceUI
0x0000000273044000 	/System/Library/PrivateFrameworks/iCloudQuotaUI.framework/Versions/A/iCloudQuotaUI
0x00000001cdc04000 	/System/Library/PrivateFrameworks/CoreCDPUI.framework/Versions/A/CoreCDPUI
0x00000001ae054000 	/System/Library/PrivateFrameworks/CoreFollowUpUI.framework/Versions/A/CoreFollowUpUI
0x00000001bab2e000 	/System/Library/PrivateFrameworks/IMCore.framework/Versions/A/IMCore
0x00000001a3766000 	/System/Library/PrivateFrameworks/CoreCDP.framework/Versions/A/CoreCDP
0x000000019f71a000 	/System/Library/PrivateFrameworks/AskPermission.framework/Versions/A/AskPermission
0x00000001b1cc7000 	/System/Library/Frameworks/Quartz.framework/Versions/A/Quartz
0x00000001be46b000 	/System/Library/PrivateFrameworks/CloudPhotoServicesConfiguration.framework/Versions/A/CloudPhotoServicesConfiguration
0x00000001b03fb000 	/System/Library/PrivateFrameworks/CommerceKit.framework/Versions/A/CommerceKit
0x00000001bfd43000 	/System/Library/PrivateFrameworks/FindMyMac.framework/Versions/A/FindMyMac
0x00000001bfc17000 	/System/Library/Frameworks/PreferencePanes.framework/Versions/A/PreferencePanes
0x00000001b360d000 	/System/Library/Frameworks/AddressBook.framework/Versions/A/AddressBook
0x000000019e632000 	/System/Library/PrivateFrameworks/AOSAccounts.framework/Versions/A/AOSAccounts
0x00000001989d9000 	/System/Library/PrivateFrameworks/AppleSRP.framework/Versions/A/AppleSRP
0x00000001ac79f000 	/System/Library/Frameworks/SafariServices.framework/Versions/A/SafariServices
0x000000019d122000 	/System/Library/PrivateFrameworks/NetFSServer.framework/Versions/A/NetFSServer
0x00000001af205000 	/System/Library/Frameworks/PDFKit.framework/Versions/A/PDFKit
0x000000022b898000 	/System/Library/Frameworks/TabularData.framework/Versions/A/TabularData
0x0000000279057000 	/usr/lib/swift/libswiftPassKit.dylib
0x00000001d1a4d000 	/System/Library/Frameworks/PassKit.framework/Versions/A/PassKit
0x00000001a0cec000 	/System/Library/PrivateFrameworks/PassKitCore.framework/Versions/A/PassKitCore
0x0000000256b74000 	/System/Library/PrivateFrameworks/PassKitMacHelperTemp.framework/Versions/A/PassKitMacHelperTemp
0x0000000255aac000 	/System/Library/PrivateFrameworks/OSEligibility.framework/Versions/A/OSEligibility
0x0000000277ad6000 	/usr/lib/libAppleSSE.dylib
0x00000001ac8d4000 	/System/Library/PrivateFrameworks/BiometricKit.framework/Versions/A/BiometricKit
0x000000025c243000 	/System/Library/PrivateFrameworks/SEService.framework/Versions/A/SEService
0x0000000225941000 	/System/Library/Frameworks/FinanceKit.framework/Versions/A/FinanceKit
0x00000001b1d77000 	/System/Library/PrivateFrameworks/NearField.framework/Versions/A/NearField
0x0000000277eb3000 	/usr/lib/libSESShared.dylib
0x000000025c43d000 	/System/Library/PrivateFrameworks/STSXPCHelperClient.framework/Versions/A/STSXPCHelperClient
0x00000001b3a14000 	/usr/lib/libnfshared.dylib
0x000000026712e000 	/System/Library/PrivateFrameworks/Symptoms.framework/Versions/A/Frameworks/SymptomPresentationFeed.framework/Versions/A/SymptomPresentationFeed
0x00000002310eb000 	/System/Library/PrivateFrameworks/AppleMediaServicesKitInternal.framework/Versions/A/AppleMediaServicesKitInternal
0x0000000266e71000 	/System/Library/PrivateFrameworks/SymptomShared.framework/Versions/A/SymptomShared
0x00000001d451a000 	/System/Library/PrivateFrameworks/PassKitUIFoundation.framework/Versions/A/PassKitUIFoundation
0x0000000198312000 	/System/Library/Frameworks/MapKit.framework/Versions/A/MapKit
0x00000002464be000 	/System/Library/PrivateFrameworks/GeoAnalytics.framework/Versions/A/GeoAnalytics
0x00000001b3a42000 	/System/Library/PrivateFrameworks/Navigation.framework/Versions/A/Navigation
0x00000001bd4c1000 	/System/Library/PrivateFrameworks/VectorKit.framework/Versions/A/VectorKit
0x00000001a5180000 	/System/Library/PrivateFrameworks/VirtualGarage.framework/Versions/A/VirtualGarage
0x00000001b3c1e000 	/System/Library/Frameworks/ExternalAccessory.framework/ExternalAccessory
0x00000001b3c39000 	/System/Library/PrivateFrameworks/IAP.framework/Versions/A/IAP
0x00000001985cb000 	/System/Library/PrivateFrameworks/IOPlatformPluginFamily.framework/Versions/A/IOPlatformPluginFamily
0x000000023231b000 	/System/Library/PrivateFrameworks/AvatarKit.framework/Versions/A/AvatarKit
0x00000002323da000 	/System/Library/PrivateFrameworks/AvatarPersistence.framework/Versions/A/AvatarPersistence
0x000000022bc12000 	/System/Library/Frameworks/TipKit.framework/Versions/A/TipKit
0x00000001a080b000 	/System/Library/PrivateFrameworks/IMSharedUtilities.framework/Versions/A/IMSharedUtilities
0x0000000278ff7000 	/usr/lib/swift/libswiftAppleArchive.dylib
0x000000026c9cb000 	/System/Library/PrivateFrameworks/VFX.framework/Versions/A/VFX
0x00000001cf800000 	/System/Library/PrivateFrameworks/AppleCVA.framework/Versions/A/AppleCVA
0x00000002323d9000 	/System/Library/PrivateFrameworks/AvatarKitContent.framework/Versions/A/AvatarKitContent
0x0000000227831000 	/System/Library/Frameworks/MetalFX.framework/Versions/A/MetalFX
0x00000002357df000 	/System/Library/PrivateFrameworks/CompositorNonUI.framework/Versions/A/CompositorNonUI
0x00000001e5d96000 	/System/Library/Frameworks/ARKit.framework/Versions/A/ARKit
0x000000022e234000 	/System/Library/PrivateFrameworks/ARKitCore.framework/Versions/A/ARKitCore
0x0000000277bb1000 	/usr/lib/libDisplayWarpSupport.dylib
0x0000000236ec6000 	/System/Library/PrivateFrameworks/CoreComposite.framework/Versions/A/CoreComposite
0x0000000277fd0000 	/usr/lib/libchannel.dylib
0x0000000278cc6000 	/usr/lib/librealtime_safety.dylib
0x000000022e2c1000 	/System/Library/PrivateFrameworks/ARKitFoundation.framework/Versions/A/ARKitFoundation
0x00000002307e1000 	/System/Library/PrivateFrameworks/AppleDepth.framework/Versions/A/AppleDepth
0x0000000230957000 	/System/Library/PrivateFrameworks/AppleDepthCore.framework/Versions/A/AppleDepthCore
0x0000000198703000 	/System/Library/PrivateFrameworks/CoreAppleCVA.framework/Versions/A/CoreAppleCVA
0x00000001a52ae000 	/System/Library/PrivateFrameworks/ContactsUICore.framework/Versions/A/ContactsUICore
0x00000001ac70c000 	/System/Library/PrivateFrameworks/ContactsDonation.framework/Versions/A/ContactsDonation
0x00000001abf95000 	/System/Library/PrivateFrameworks/DataDetectors.framework/Versions/A/DataDetectors
0x000000019ed68000 	/System/Library/Frameworks/MediaLibrary.framework/Versions/A/MediaLibrary
0x00000001995e2000 	/System/Library/PrivateFrameworks/PersonaKit.framework/Versions/A/PersonaKit
0x00000001a529c000 	/System/Library/PrivateFrameworks/PersonaUI.framework/Versions/A/PersonaUI
0x00000001bf640000 	/System/Library/PrivateFrameworks/Transparency.framework/Versions/A/Transparency
0x000000023d521000 	/System/Library/PrivateFrameworks/FindMyLocate.framework/Versions/A/FindMyLocate
0x00000001adfd4000 	/System/Library/PrivateFrameworks/IntlPreferences.framework/Versions/A/IntlPreferences
0x000000023d401000 	/System/Library/PrivateFrameworks/FindMyCommon.framework/Versions/A/FindMyCommon
0x000000023d1fd000 	/System/Library/PrivateFrameworks/FindMyBase.framework/Versions/A/FindMyBase
0x0000000229053000 	/System/Library/Frameworks/NearbyInteraction.framework/Versions/A/NearbyInteraction
0x000000019920b000 	/System/Library/PrivateFrameworks/AddressBookCore.framework/Versions/A/AddressBookCore
0x00000001b37a3000 	/System/Library/PrivateFrameworks/ToneKit.framework/Versions/A/ToneKit
0x00000001ae01a000 	/System/Library/PrivateFrameworks/ToneLibrary.framework/Versions/A/ToneLibrary
0x0000000235add000 	/System/Library/PrivateFrameworks/ContactsAccounts.framework/Versions/A/ContactsAccounts
0x00000001b1be2000 	/System/Library/PrivateFrameworks/Lookup.framework/Versions/A/Lookup
0x00000002298e9000 	/System/Library/Frameworks/QuickLookUI.framework/Versions/A/QuickLookUI
0x000000022a2e3000 	/System/Library/Frameworks/ScreenCaptureKit.framework/Versions/A/ScreenCaptureKit
0x00000001aed19000 	/System/Library/Frameworks/Quartz.framework/Versions/A/Frameworks/QuartzComposer.framework/Versions/A/QuartzComposer
0x00000001adfab000 	/System/Library/Frameworks/Quartz.framework/Versions/A/Frameworks/QuartzFilters.framework/Versions/A/QuartzFilters
0x00000001ad03e000 	/System/Library/Frameworks/Quartz.framework/Versions/A/Frameworks/ImageKit.framework/Versions/A/ImageKit
0x00000001e5ba6000 	/System/Library/Frameworks/OpenCL.framework/Versions/A/OpenCL
0x00000001ab562000 	/System/Library/PrivateFrameworks/CorePDF.framework/Versions/A/CorePDF
0x00000001962d2000 	/System/Library/Frameworks/QuickLook.framework/Versions/A/QuickLook
0x00000001a0bdd000 	/System/Library/PrivateFrameworks/DisplayServices.framework/Versions/A/DisplayServices
0x00000001adf16000 	/System/Library/Frameworks/ImageCaptureCore.framework/Versions/A/ImageCaptureCore
0x000000026e951000 	/System/Library/PrivateFrameworks/VisionKitCore.framework/Versions/A/VisionKitCore
0x00000001a97ad000 	/System/Library/PrivateFrameworks/QuickLookSupport.framework/Versions/A/QuickLookSupport
0x0000000250e56000 	/System/Library/PrivateFrameworks/MediaAnalysisServices.framework/Versions/A/MediaAnalysisServices
0x00000001b0bfb000 	/System/Library/PrivateFrameworks/PhotoLibraryServices.framework/Versions/A/PhotoLibraryServices
0x00000001adb2a000 	/System/Library/Frameworks/Photos.framework/Versions/A/Photos
0x00000001c1f70000 	/System/Library/PrivateFrameworks/PhotosFormats.framework/Versions/A/PhotosFormats
0x00000001be496000 	/System/Library/PrivateFrameworks/CloudPhotoLibrary.framework/Versions/A/CloudPhotoLibrary
0x00000001c76d9000 	/System/Library/PrivateFrameworks/CloudPhotoServices.framework/Versions/A/CloudPhotoServices
0x00000001c3d77000 	/System/Library/PrivateFrameworks/CoreMediaStream.framework/Versions/A/CoreMediaStream
0x0000000199c7e000 	/System/Library/PrivateFrameworks/CPAnalytics.framework/Versions/A/CPAnalytics
0x00000001c0329000 	/System/Library/PrivateFrameworks/MediaConversionService.framework/Versions/A/MediaConversionService
0x00000001a07f7000 	/System/Library/PrivateFrameworks/PhotoFoundation.framework/Versions/A/PhotoFoundation
0x00000002582a8000 	/System/Library/PrivateFrameworks/PhotoLibraryServicesCore.framework/Versions/A/PhotoLibraryServicesCore
0x00000001ba244000 	/System/Library/PrivateFrameworks/MMCS.framework/Versions/A/MMCS
0x000000019ebc2000 	/System/Library/PrivateFrameworks/ChunkingLibrary.framework/Versions/A/ChunkingLibrary
0x00000001989a6000 	/System/Library/PrivateFrameworks/AssetCacheServices.framework/Versions/A/AssetCacheServices
0x000000019a8fb000 	/System/Library/PrivateFrameworks/AVFoundationCF.framework/Versions/A/AVFoundationCF
0x00000001d74ff000 	/usr/lib/swift/libswiftDemangle.dylib
0x00000001ac24e000 	/System/Library/PrivateFrameworks/MediaStream.framework/Versions/A/MediaStream
0x00000001c07c5000 	/System/Library/PrivateFrameworks/NeutrinoCore.framework/Versions/A/NeutrinoCore
0x00000001884a3000 	/System/Library/PrivateFrameworks/NLP.framework/Versions/A/NLP
0x00000001c6494000 	/System/Library/PrivateFrameworks/PhotoImaging.framework/Versions/A/PhotoImaging
0x00000001c769a000 	/System/Library/PrivateFrameworks/PhotosImagingFoundation.framework/Versions/A/PhotosImagingFoundation
0x0000000258e3b000 	/System/Library/PrivateFrameworks/PhotosIntelligenceCore.framework/Versions/A/PhotosIntelligenceCore
0x000000019ad2a000 	/System/Library/PrivateFrameworks/EmbeddedAcousticRecognition.framework/Versions/A/EmbeddedAcousticRecognition
0x00000001b5997000 	/System/Library/PrivateFrameworks/EmojiFoundation.framework/Versions/A/EmojiFoundation
0x00000001be70f000 	/System/Library/PrivateFrameworks/SDAPI.framework/Versions/A/SDAPI
0x00000001c76e8000 	/System/Library/PrivateFrameworks/AutoLoop.framework/Versions/A/AutoLoop
0x00000002599e6000 	/System/Library/PrivateFrameworks/Portrait.framework/Versions/A/Portrait
0x000000023db9d000 	/System/Library/PrivateFrameworks/FusionTracker.framework/Versions/A/FusionTracker
0x00000001ae7b7000 	/System/Library/PrivateFrameworks/iTunesCloud.framework/Versions/A/iTunesCloud
0x00000001b7866000 	/System/Library/PrivateFrameworks/DAAPKit.framework/Versions/A/DAAPKit
0x00000001a9b24000 	/System/Library/PrivateFrameworks/DeviceManagement.framework/Versions/A/DeviceManagement
0x00000001cd3e8000 	/System/Library/PrivateFrameworks/ScreenTimeUI.framework/Versions/A/ScreenTimeUI
0x00000001abf8f000 	/System/Library/PrivateFrameworks/QuickLookNonBaseSystem.framework/Versions/A/QuickLookNonBaseSystem
0x00000001ac7e0000 	/System/Library/PrivateFrameworks/Catalyst.framework/Versions/A/Catalyst
0x00000001ae1cc000 	/System/Library/PrivateFrameworks/ScreenTimeCore.framework/Versions/A/ScreenTimeCore
0x00000001c1435000 	/System/Library/PrivateFrameworks/ScreenTimeServiceUI.framework/Versions/A/ScreenTimeServiceUI
0x00000001ba3d4000 	/System/Library/PrivateFrameworks/ConfigurationEngineModel.framework/Versions/A/ConfigurationEngineModel
0x00000001bd47a000 	/System/Library/PrivateFrameworks/UsageTracking.framework/Versions/A/UsageTracking
0x00000002255ed000 	/System/Library/Frameworks/DeviceActivity.framework/Versions/A/DeviceActivity
0x00000001bd44a000 	/System/Library/PrivateFrameworks/KnowledgeMonitor.framework/Versions/A/KnowledgeMonitor
0x00000001d44c0000 	/System/Library/PrivateFrameworks/BluetoothManager.framework/Versions/A/BluetoothManager
0x0000000226b6d000 	/System/Library/Frameworks/ManagedSettings.framework/Versions/A/ManagedSettings
0x00000002505bd000 	/System/Library/PrivateFrameworks/ManagedSettingsSupport.framework/Versions/A/ManagedSettingsSupport
0x00000001d1b1d000 	/System/Library/Frameworks/ReplayKit.framework/Versions/A/ReplayKit
0x00000001a1b8d000 	/System/Library/PrivateFrameworks/MarkupUI.framework/Versions/A/MarkupUI
0x00000001abf67000 	/System/Library/PrivateFrameworks/SidecarCore.framework/Versions/A/SidecarCore
0x00000001aebce000 	/System/Library/PrivateFrameworks/AnnotationKit.framework/Versions/A/AnnotationKit
0x00000001ad281000 	/System/Library/Frameworks/PencilKit.framework/Versions/A/PencilKit
0x00000001ad446000 	/System/Library/PrivateFrameworks/SidecarUI.framework/Versions/A/SidecarUI
0x00000001acbe9000 	/System/Library/PrivateFrameworks/CoreHandwriting.framework/Versions/A/CoreHandwriting
0x00000001820d7000 	/usr/lib/libmecabra.dylib
0x00000001a5856000 	/System/Library/PrivateFrameworks/Calculate.framework/Versions/A/Calculate
0x0000000191ac3000 	/usr/lib/libChineseTokenizer.dylib
0x00000001e2825000 	/System/Library/PrivateFrameworks/ScreenReaderCore.framework/Versions/A/ScreenReaderCore
0x0000000266444000 	/System/Library/PrivateFrameworks/StocksKit.framework/Versions/A/StocksKit
0x00000001a4874000 	/System/Library/PrivateFrameworks/OAuth.framework/Versions/A/OAuth
0x0000000266136000 	/System/Library/PrivateFrameworks/StocksCore.framework/Versions/A/StocksCore
0x00000002677e1000 	/System/Library/PrivateFrameworks/TeaFoundation.framework/Versions/A/TeaFoundation
0x00000002679c3000 	/System/Library/PrivateFrameworks/TeaSettings.framework/Versions/A/TeaSettings
0x00000001d8b9b000 	/System/Library/PrivateFrameworks/NewsCore.framework/Versions/A/NewsCore
0x000000026777d000 	/System/Library/PrivateFrameworks/TeaDB.framework/Versions/A/TeaDB
0x00000001d55a1000 	/System/Library/PrivateFrameworks/RemoteConfiguration.framework/Versions/A/RemoteConfiguration
0x00000001d87a6000 	/System/Library/PrivateFrameworks/NewsTransport.framework/Versions/A/NewsTransport
0x00000001d8b8b000 	/System/Library/PrivateFrameworks/NewsFoundation.framework/Versions/A/NewsFoundation
0x000000025487a000 	/System/Library/PrivateFrameworks/NewsURLBucket.framework/Versions/A/NewsURLBucket
0x0000000231ceb000 	/System/Library/PrivateFrameworks/AsyncAlgorithmsInternal.framework/Versions/A/AsyncAlgorithmsInternal
0x00000001b07f8000 	/System/Library/PrivateFrameworks/MobileInstallation.framework/Versions/A/MobileInstallation
0x000000022bd7c000 	/System/Library/Frameworks/Translation.framework/Versions/A/Translation
0x00000001c9097000 	/System/Library/PrivateFrameworks/RevealCore.framework/Versions/A/RevealCore
0x00000001c908b000 	/System/Library/PrivateFrameworks/Reveal.framework/Versions/A/Reveal
0x00000001c110e000 	/System/Library/Frameworks/Speech.framework/Versions/A/Speech
0x000000022d170000 	/System/Library/PrivateFrameworks/AIMLExperimentationAnalytics.framework/Versions/A/AIMLExperimentationAnalytics
0x000000022f404000 	/System/Library/PrivateFrameworks/AlgorithmsInternal.framework/Versions/A/AlgorithmsInternal
0x000000026ae59000 	/System/Library/PrivateFrameworks/TranslationUIServices.framework/Versions/A/TranslationUIServices
0x0000000269e33000 	/System/Library/PrivateFrameworks/TipKitCore.framework/Versions/A/TipKitCore
0x00000001b5a1b000 	/System/Library/PrivateFrameworks/CoreCDPInternal.framework/Versions/A/CoreCDPInternal
0x0000000249c3b000 	/System/Library/PrivateFrameworks/InputAnalytics.framework/Versions/A/InputAnalytics
0x00000001bb330000 	/System/Library/Frameworks/InstantMessage.framework/Versions/A/InstantMessage
0x00000001b351b000 	/System/Library/PrivateFrameworks/IDSKVStore.framework/Versions/A/IDSKVStore
0x00000001b3206000 	/System/Library/PrivateFrameworks/IMDPersistence.framework/Versions/A/IMDPersistence
0x000000026c8d1000 	/System/Library/PrivateFrameworks/UserSafety.framework/Versions/A/UserSafety
0x00000001d3826000 	/System/Library/PrivateFrameworks/BlastDoor.framework/Versions/A/BlastDoor
0x000000024de81000 	/System/Library/PrivateFrameworks/LinkPresentationStyleSheetParsing.framework/Versions/A/LinkPresentationStyleSheetParsing
0x0000000259b8e000 	/System/Library/PrivateFrameworks/PosterFoundation.framework/Versions/A/PosterFoundation
0x0000000259c1a000 	/System/Library/PrivateFrameworks/PosterModel.framework/Versions/A/PosterModel
0x0000000259bf5000 	/System/Library/PrivateFrameworks/PosterFuturesKit.framework/Versions/A/PosterFuturesKit
0x000000023d00a000 	/System/Library/PrivateFrameworks/FeedbackService.framework/Versions/A/FeedbackService
0x00000001ac663000 	/System/Library/PrivateFrameworks/CoreSDB.framework/Versions/A/CoreSDB
0x0000000231b2f000 	/System/Library/PrivateFrameworks/AskToCore.framework/Versions/A/AskToCore
0x00000001cdc01000 	/System/Library/PrivateFrameworks/MachineSettings.framework/Versions/A/MachineSettings
0x00000001bfb9b000 	/System/Library/PrivateFrameworks/BezelServices.framework/Versions/A/BezelServices
0x00000001b78f2000 	/System/Library/PrivateFrameworks/SPOwner.framework/Versions/A/SPOwner
0x00000001b0460000 	/System/Library/PrivateFrameworks/FMCore.framework/Versions/A/FMCore
0x00000001afcb1000 	/System/Library/PrivateFrameworks/AppleMediaServicesUI.framework/Versions/A/AppleMediaServicesUI
0x0000000272f9d000 	/System/Library/PrivateFrameworks/iCloudQuota.framework/Versions/A/iCloudQuota
0x00000001a5219000 	/System/Library/PrivateFrameworks/CoreRecognition.framework/Versions/A/CoreRecognition
0x00000001bfc4f000 	/System/Library/PrivateFrameworks/InAppMessages.framework/Versions/A/InAppMessages
0x00000001e1480000 	/System/Library/PrivateFrameworks/JetUI.framework/Versions/A/JetUI
0x000000024d268000 	/System/Library/PrivateFrameworks/JetPack.framework/Versions/A/JetPack
0x00000001bfc46000 	/System/Library/PrivateFrameworks/InAppMessagesCore.framework/Versions/A/InAppMessagesCore
0x00000002723da000 	/System/Library/PrivateFrameworks/_JetEngine_SwiftUI.framework/Versions/A/_JetEngine_SwiftUI
0x0000000267157000 	/System/Library/PrivateFrameworks/Synapse.framework/Versions/A/Synapse
0x0000000233c31000 	/System/Library/PrivateFrameworks/CSExattrCrypto.framework/Versions/A/CSExattrCrypto
0x00000001b18cb000 	/System/Library/PrivateFrameworks/StoreFoundation.framework/Versions/A/StoreFoundation
0x00000001b045a000 	/System/Library/PrivateFrameworks/ServerInformation.framework/Versions/A/ServerInformation
0x00000001afeae000 	/System/Library/PrivateFrameworks/Install.framework/Frameworks/DistributionKit.framework/Versions/A/DistributionKit
0x00000001a9582000 	/System/Library/PrivateFrameworks/PackageKit.framework/Versions/A/PackageKit
0x00000001afed1000 	/System/Library/PrivateFrameworks/OSPersonalization.framework/Versions/A/OSPersonalization
0x00000001b1e55000 	/System/Library/PrivateFrameworks/BridgeOSSoftwareUpdate.framework/Versions/A/BridgeOSSoftwareUpdate
0x00000001acaf1000 	/System/Library/PrivateFrameworks/StorageManagement.framework/Versions/A/StorageManagement
0x00000001c0f94000 	/usr/lib/libauthinstall.dylib
0x00000001b1e5e000 	/System/Library/PrivateFrameworks/InstallerDiagnostics.framework/Versions/A/InstallerDiagnostics
0x00000001c15fe000 	/usr/lib/libcrypto.42.dylib
0x000000027967c000 	/usr/lib/updaters/libT200Updater.dylib
0x00000001b1e43000 	/System/Library/PrivateFrameworks/GPUInfo.framework/Versions/A/GPUInfo
0x00000001bfd49000 	/System/Library/PrivateFrameworks/MobileActivationMacOS.framework/Versions/A/MobileActivationMacOS
0x00000001a47bb000 	/System/Library/PrivateFrameworks/AccountsDaemon.framework/Versions/A/AccountsDaemon
0x0000000194aa9000 	/System/Library/PrivateFrameworks/CacheDelete.framework/Versions/A/CacheDelete
0x000000019d246000 	/System/Library/Frameworks/QuickLookThumbnailing.framework/Versions/A/QuickLookThumbnailing
0x00000001b1ea2000 	/System/Library/PrivateFrameworks/AOSKit.framework/Versions/A/AOSKit
0x0000000191bf4000 	/System/Library/PrivateFrameworks/AppSSOCore.framework/Versions/A/AppSSOCore
0x00000001ab96c000 	/System/Library/Frameworks/AVFoundation.framework/Versions/A/AVFoundation
0x0000000232473000 	/System/Library/PrivateFrameworks/BackgroundSystemTasks.framework/Versions/A/BackgroundSystemTasks
0x000000019d15c000 	/System/Library/PrivateFrameworks/DuetActivityScheduler.framework/Versions/A/DuetActivityScheduler
0x00000001be3ca000 	/System/Library/PrivateFrameworks/NetworkServiceProxy.framework/Versions/A/NetworkServiceProxy
0x000000019863d000 	/usr/lib/libnetworkextension.dylib
0x000000019ac45000 	/System/Library/PrivateFrameworks/Rapport.framework/Versions/A/Rapport
0x0000000266e81000 	/System/Library/PrivateFrameworks/Symptoms.framework/Versions/A/Frameworks/SymptomAnalytics.framework/Versions/A/SymptomAnalytics
0x00000001954b0000 	/System/Library/Frameworks/NetworkExtension.framework/Versions/A/NetworkExtension
0x000000019b9dc000 	/System/Library/PrivateFrameworks/CoreDuetContext.framework/Versions/A/CoreDuetContext
0x0000000186b06000 	/System/Library/PrivateFrameworks/CoreDuet.framework/Versions/A/CoreDuet
0x00000001a0553000 	/System/Library/PrivateFrameworks/AssistantServices.framework/Versions/A/AssistantServices
0x000000019aa3f000 	/System/Library/PrivateFrameworks/SAObjects.framework/Versions/A/SAObjects
0x00000001a0157000 	/System/Library/PrivateFrameworks/MediaRemote.framework/Versions/A/MediaRemote
0x00000001b235c000 	/System/Library/PrivateFrameworks/SiriInstrumentation.framework/Versions/A/SiriInstrumentation
0x000000025e1dc000 	/System/Library/PrivateFrameworks/SiriAnalytics.framework/Versions/A/SiriAnalytics
0x0000000263e6f000 	/System/Library/PrivateFrameworks/SiriTTSService.framework/Versions/A/SiriTTSService
0x000000025eaf2000 	/System/Library/PrivateFrameworks/SiriCrossDeviceArbitration.framework/Versions/A/SiriCrossDeviceArbitration
0x00000001afc83000 	/System/Library/PrivateFrameworks/FeedbackLogger.framework/Versions/A/FeedbackLogger
0x000000023cc2f000 	/System/Library/PrivateFrameworks/FaceTimeNameUtility.framework/Versions/A/FaceTimeNameUtility
0x000000025eb46000 	/System/Library/PrivateFrameworks/SiriCrossDeviceArbitrationFeedback.framework/Versions/A/SiriCrossDeviceArbitrationFeedback
0x00000002462cf000 	/System/Library/PrivateFrameworks/GenerativeModels.framework/Versions/A/GenerativeModels
0x00000001e5ed7000 	/System/Library/Frameworks/AVRouting.framework/Versions/A/AVRouting
0x00000001a5032000 	/System/Library/PrivateFrameworks/MediaServices.framework/Versions/A/MediaServices
0x000000019312e000 	/System/Library/Frameworks/MediaToolbox.framework/Versions/A/MediaToolbox
0x0000000199a21000 	/System/Library/PrivateFrameworks/CoreAVCHD.framework/Versions/A/CoreAVCHD
0x0000000199a1d000 	/System/Library/PrivateFrameworks/Mangrove.framework/Versions/A/Mangrove
0x0000000233a4f000 	/System/Library/PrivateFrameworks/CMPhoto.framework/Versions/A/CMPhoto
0x000000019a1d3000 	/System/Library/Frameworks/CoreTelephony.framework/Versions/A/CoreTelephony
0x0000000199a10000 	/System/Library/PrivateFrameworks/CoreAUC.framework/Versions/A/CoreAUC
0x0000000230e6f000 	/System/Library/PrivateFrameworks/AppleJPEGXL.framework/Versions/A/AppleJPEGXL
0x0000000194b49000 	/usr/lib/libTelephonyUtilDynamic.dylib
0x000000019202d000 	/System/Library/PrivateFrameworks/PersistentConnection.framework/Versions/A/PersistentConnection
0x00000002655f7000 	/System/Library/PrivateFrameworks/SonicFoundation.framework/Versions/A/SonicFoundation
0x000000023b567000 	/System/Library/PrivateFrameworks/Dendrite.framework/Versions/A/Dendrite
0x00000001b41cf000 	/usr/lib/libtailspin.dylib
0x00000001c77f7000 	/System/Library/PrivateFrameworks/Osprey.framework/Versions/A/Osprey
0x00000002634cd000 	/System/Library/PrivateFrameworks/SiriTTS.framework/Versions/A/SiriTTS
0x00000001ac728000 	/System/Library/Frameworks/NaturalLanguage.framework/Versions/A/NaturalLanguage
0x00000002622f2000 	/System/Library/PrivateFrameworks/SiriPowerInstrumentation.framework/Versions/A/SiriPowerInstrumentation
0x00000001ad5d3000 	/System/Library/PrivateFrameworks/Trial.framework/Versions/A/Trial
0x00000001ad556000 	/System/Library/PrivateFrameworks/TrialProto.framework/Versions/A/TrialProto
0x000000026c0e2000 	/System/Library/PrivateFrameworks/UnifiedAssetFramework.framework/Versions/A/UnifiedAssetFramework
0x00000001c97c3000 	/usr/lib/swift/libswiftAVFoundation.dylib
0x00000001d9526000 	/usr/lib/swift/libswiftNaturalLanguage.dylib
0x000000026777b000 	/System/Library/PrivateFrameworks/TailspinSymbolication.framework/Versions/A/TailspinSymbolication
0x000000023b1a9000 	/System/Library/PrivateFrameworks/Darwinup.framework/Versions/A/Darwinup
0x00000001c0364000 	/System/Library/PrivateFrameworks/SignpostSupport.framework/Versions/A/SignpostSupport
0x00000001ac5f0000 	/System/Library/PrivateFrameworks/FeatureFlagsSupport.framework/Versions/A/FeatureFlagsSupport
0x00000001bfaae000 	/System/Library/PrivateFrameworks/ktrace.framework/Versions/A/ktrace
0x00000001c0592000 	/System/Library/PrivateFrameworks/SampleAnalysis.framework/Versions/A/SampleAnalysis
0x00000001c9065000 	/System/Library/PrivateFrameworks/kperfdata.framework/Versions/A/kperfdata
0x0000000196414000 	/usr/lib/libdscsym.dylib
0x00000001c9519000 	/System/Library/PrivateFrameworks/BulkSymbolication.framework/Versions/A/BulkSymbolication
0x000000019d293000 	/System/Library/PrivateFrameworks/Espresso.framework/Versions/A/Espresso
0x000000018b67e000 	/System/Library/Frameworks/CoreML.framework/Versions/A/CoreML
0x00000001e2bc5000 	/System/Library/PrivateFrameworks/ANECompiler.framework/Versions/A/ANECompiler
0x000000019f34e000 	/System/Library/PrivateFrameworks/AppleNeuralEngine.framework/Versions/A/AppleNeuralEngine
0x00000002278d6000 	/System/Library/Frameworks/MetalPerformanceShadersGraph.framework/Versions/A/MetalPerformanceShadersGraph
0x000000024eb23000 	/System/Library/PrivateFrameworks/MLCompilerServices.framework/Versions/A/MLCompilerServices
0x000000019e127000 	/System/Library/PrivateFrameworks/ANEServices.framework/Versions/A/ANEServices
0x0000000255885000 	/System/Library/PrivateFrameworks/ODIE.framework/Versions/A/ODIE
0x000000024eac7000 	/System/Library/PrivateFrameworks/MLCompilerRuntime.framework/Versions/A/MLCompilerRuntime
0x000000018fa22000 	/System/Library/Frameworks/MLCompute.framework/Versions/A/MLCompute
0x000000024ea49000 	/System/Library/PrivateFrameworks/MLAssetIO.framework/Versions/A/MLAssetIO
0x0000000279036000 	/usr/lib/swift/libswiftMLCompute.dylib
0x000000019a3d2000 	/System/Library/PrivateFrameworks/AVFCore.framework/Versions/A/AVFCore
0x00000001a37f9000 	/System/Library/PrivateFrameworks/AVFCapture.framework/Versions/A/AVFCapture
0x0000000233838000 	/System/Library/PrivateFrameworks/CMImaging.framework/Versions/A/CMImaging
0x00000001a3a39000 	/System/Library/PrivateFrameworks/Quagga.framework/Versions/A/Quagga
0x00000001a3b6d000 	/System/Library/PrivateFrameworks/CMCapture.framework/Versions/A/CMCapture
0x00000001946d9000 	/System/Library/Frameworks/CoreMediaIO.framework/Versions/A/CoreMediaIO
0x0000000233774000 	/System/Library/PrivateFrameworks/CMCaptureDevice.framework/Versions/A/CMCaptureDevice
0x00000001921a3000 	/System/Library/PrivateFrameworks/CoreBrightness.framework/Versions/A/CoreBrightness
0x00000002347f4000 	/System/Library/PrivateFrameworks/CinematicFraming.framework/Versions/A/CinematicFraming
0x00000001c68dc000 	/System/Library/PrivateFrameworks/CPMS.framework/Versions/A/CPMS
0x0000000267329000 	/System/Library/PrivateFrameworks/SystemStatus.framework/Versions/A/SystemStatus
0x00000001ab564000 	/System/Library/Frameworks/CoreMotion.framework/Versions/A/CoreMotion
0x00000001bb3ed000 	/System/Library/PrivateFrameworks/TimeSync.framework/Versions/A/TimeSync
0x000000023bdf5000 	/System/Library/PrivateFrameworks/DistributedSensing.framework/Versions/A/DistributedSensing
0x00000001b6b48000 	/System/Library/PrivateFrameworks/MobileBluetooth.framework/Versions/A/MobileBluetooth
0x00000001bd08f000 	/System/Library/PrivateFrameworks/IOKitten.framework/Versions/A/IOKitten
0x000000018333b000 	/System/Library/PrivateFrameworks/LanguageModeling.framework/Versions/A/LanguageModeling
0x00000001882aa000 	/System/Library/PrivateFrameworks/Montreal.framework/Versions/A/Montreal
0x0000000190474000 	/usr/lib/libcmph.dylib
0x0000000246396000 	/System/Library/PrivateFrameworks/GenerativeModelsFoundation.framework/Versions/A/GenerativeModelsFoundation
0x000000026a18a000 	/System/Library/PrivateFrameworks/TokenGeneration.framework/Versions/A/TokenGeneration
0x0000000246167000 	/System/Library/PrivateFrameworks/GenerativeFunctions.framework/Versions/A/GenerativeFunctions
0x00000002461b2000 	/System/Library/PrivateFrameworks/GenerativeFunctionsFoundation.framework/Versions/A/GenerativeFunctionsFoundation
0x0000000252223000 	/System/Library/PrivateFrameworks/ModelCatalog.framework/Versions/A/ModelCatalog
0x000000025d6b9000 	/System/Library/PrivateFrameworks/SensitiveContentAnalysisML.framework/Versions/A/SensitiveContentAnalysisML
0x000000024626e000 	/System/Library/PrivateFrameworks/GenerativeFunctionsInstrumentation.framework/Versions/A/GenerativeFunctionsInstrumentation
0x000000025abe6000 	/System/Library/PrivateFrameworks/PromptKit.framework/Versions/A/PromptKit
0x000000025a714000 	/System/Library/PrivateFrameworks/ProactiveDaemonSupport.framework/Versions/A/ProactiveDaemonSupport
0x00000002525ce000 	/System/Library/PrivateFrameworks/ModelManagerServices.framework/Versions/A/ModelManagerServices
0x000000026a353000 	/System/Library/PrivateFrameworks/TokenGenerationCore.framework/Versions/A/TokenGenerationCore
0x0000000230dc6000 	/System/Library/PrivateFrameworks/AppleIntelligenceReporting.framework/Versions/A/AppleIntelligenceReporting
0x0000000230a40000 	/System/Library/PrivateFrameworks/AppleFlatBuffers.framework/Versions/A/AppleFlatBuffers
0x000000025d8fd000 	/System/Library/PrivateFrameworks/SentencePieceInternal.framework/Versions/A/SentencePieceInternal
0x0000000198a1e000 	/System/Library/Frameworks/Vision.framework/Versions/A/Vision
0x000000023ab90000 	/System/Library/PrivateFrameworks/CoreSceneUnderstanding.framework/Versions/A/CoreSceneUnderstanding
0x000000026e905000 	/System/Library/PrivateFrameworks/VisionCore.framework/Versions/A/VisionCore
0x00000001b5b09000 	/System/Library/Frameworks/Vision.framework/libfaceCore.dylib
0x00000001b6629000 	/System/Library/PrivateFrameworks/Futhark.framework/Versions/A/Futhark
0x00000001ba2f0000 	/System/Library/PrivateFrameworks/InertiaCam.framework/Versions/A/InertiaCam
0x00000001b63b4000 	/System/Library/PrivateFrameworks/TextRecognition.framework/Versions/A/TextRecognition
0x0000000191c15000 	/System/Library/PrivateFrameworks/CVNLP.framework/Versions/A/CVNLP
0x000000018b124000 	/System/Library/PrivateFrameworks/ApplePushService.framework/Versions/A/ApplePushService
0x000000018b18d000 	/System/Library/Frameworks/CloudKit.framework/Versions/A/CloudKit
0x000000019e2df000 	/System/Library/PrivateFrameworks/CoreDuetDaemonProtocol.framework/Versions/A/CoreDuetDaemonProtocol
0x00000001c2b27000 	/System/Library/PrivateFrameworks/DeviceIdentity.framework/Versions/A/DeviceIdentity
0x000000022a4d5000 	/System/Library/Frameworks/SharedWithYouCore.framework/Versions/A/SharedWithYouCore
0x000000023506d000 	/System/Library/PrivateFrameworks/CloudTelemetry.framework/Versions/A/CloudTelemetry
0x000000019cc31000 	/System/Library/PrivateFrameworks/AppleAccount.framework/Versions/A/AppleAccount
0x000000019d1eb000 	/System/Library/PrivateFrameworks/C2.framework/Versions/A/C2
0x0000000234cf7000 	/System/Library/PrivateFrameworks/CloudCoreInternal.framework/Versions/A/CloudCoreInternal
0x0000000234aa5000 	/System/Library/PrivateFrameworks/CloudAsset.framework/Versions/A/CloudAsset
0x000000019d1e2000 	/System/Library/Frameworks/PushKit.framework/Versions/A/PushKit
0x000000023508d000 	/System/Library/PrivateFrameworks/CloudTelemetryTools.framework/Versions/A/CloudTelemetryTools
0x000000019f0ad000 	/System/Library/PrivateFrameworks/RTCReporting.framework/Versions/A/RTCReporting
0x000000022d05f000 	/System/Library/PrivateFrameworks/AAAFoundationSwift.framework/Versions/A/AAAFoundationSwift
0x000000019ceb9000 	/System/Library/PrivateFrameworks/AppleIDSSOAuthentication.framework/Versions/A/AppleIDSSOAuthentication
0x00000001b1776000 	/System/Library/PrivateFrameworks/CaptiveNetwork.framework/Versions/A/CaptiveNetwork
0x000000019c6ca000 	/System/Library/PrivateFrameworks/EAP8021X.framework/Versions/A/EAP8021X
0x000000023af92000 	/System/Library/PrivateFrameworks/CryptoKitPrivate.framework/Versions/A/CryptoKitPrivate
0x00000001abbb3000 	/System/Library/PrivateFrameworks/FindMyDevice.framework/Versions/A/FindMyDevice
0x00000001a0ccc000 	/System/Library/PrivateFrameworks/FMCoreLite.framework/Versions/A/FMCoreLite
0x000000012463c000 	/Users/kimngan/.openjfx/cache/21+31/aarch64/libjavafx_font.dylib
0x0000000125770000 	/Users/kimngan/.openjfx/cache/21+31/aarch64/libglib-lite.dylib
0x00000001258b4000 	/Users/kimngan/.openjfx/cache/21+31/aarch64/libgstreamer-lite.dylib
0x0000000124694000 	/Users/kimngan/.openjfx/cache/21+31/aarch64/libjfxmedia.dylib
0x0000000124658000 	/Users/kimngan/.openjfx/cache/21+31/aarch64/libjfxmedia_avf.dylib
0x00000001242dc000 	/Users/kimngan/.openjfx/cache/21+31/aarch64/libfxplugins.dylib
0x0000000267eee000 	/System/Library/PrivateFrameworks/TextInputUI.framework/Versions/A/TextInputUI
0x0000000267f23000 	/System/Library/PrivateFrameworks/TextInputUIMacHelper.framework/Versions/A/TextInputUIMacHelper
0x00000001b6713000 	/System/Library/PrivateFrameworks/SafariPlatformSupport.framework/Versions/A/SafariPlatformSupport
0x0000000134cb0000 	/System/Library/Components/AudioCodecs.component/Contents/MacOS/AudioCodecs
0x00000001b6722000 	/System/Library/CoreServices/RawCamera.bundle/Contents/MacOS/RawCamera
0x0000000265bee000 	/System/Library/PrivateFrameworks/SpotlightKnowledge.framework/Versions/A/SpotlightKnowledge
0x000000023c29a000 	/System/Library/PrivateFrameworks/DocumentUnderstandingClient.framework/Versions/A/DocumentUnderstandingClient
0x0000000265bd5000 	/System/Library/PrivateFrameworks/SpotlightEmbedding.framework/Versions/A/SpotlightEmbedding
0x0000000186aa9000 	/System/Library/PrivateFrameworks/SpotlightLinguistics.framework/Versions/A/SpotlightLinguistics
0x0000000265d67000 	/System/Library/PrivateFrameworks/SpotlightResources.framework/Versions/A/SpotlightResources
0x000000019e68c000 	/System/Library/PrivateFrameworks/SpotlightIndex.framework/Versions/A/SpotlightIndex
0x00000001b173a000 	/System/Library/PrivateFrameworks/DataDeliveryServices.framework/Versions/A/DataDeliveryServices
0x000000023482c000 	/System/Library/PrivateFrameworks/CipherML.framework/Versions/A/CipherML
0x0000000257d2a000 	/System/Library/PrivateFrameworks/PegasusKit.framework/Versions/A/PegasusKit
0x0000000266a84000 	/System/Library/PrivateFrameworks/SwiftSQLite.framework/Versions/A/SwiftSQLite
0x0000000136f2c000 	/System/Library/Components/AudioDSP.component/Contents/MacOS/AudioDSP
0x000000026f665000 	/System/Library/PrivateFrameworks/VoiceProcessor.framework/Versions/A/VoiceProcessor
0x0000000258114000 	/System/Library/PrivateFrameworks/PersonalAudio.framework/Versions/A/PersonalAudio
0x0000000277af3000 	/usr/lib/libAudioDSPCore.dylib
0x0000000231f73000 	/System/Library/PrivateFrameworks/AudioDSPGraph.framework/Versions/A/AudioDSPGraph
0x00000001d15fb000 	/System/Library/PrivateFrameworks/HearingCore.framework/Versions/A/HearingCore
0x0000000134a08000 	/System/Library/Components/CoreAudio.component/Contents/MacOS/CoreAudio


VM Arguments:
jvm_args: -javaagent:/Volumes/KINGSTON/Applications/IntelliJ IDEA.app/Contents/lib/idea_rt.jar=64122 -Dfile.encoding=UTF-8 -Dsun.stdout.encoding=UTF-8 -Dsun.stderr.encoding=UTF-8 
java_command: com.cinemates.Launcher
java_class_path (initial): /Volumes/KINGSTON/IdealProject/Cinemates/target/classes:/Users/kimngan/.m2/repository/org/openjfx/javafx-controls/21/javafx-controls-21.jar:/Users/kimngan/.m2/repository/org/openjfx/javafx-controls/21/javafx-controls-21-mac-aarch64.jar:/Users/kimngan/.m2/repository/org/openjfx/javafx-graphics/21/javafx-graphics-21.jar:/Users/kimngan/.m2/repository/org/openjfx/javafx-graphics/21/javafx-graphics-21-mac-aarch64.jar:/Users/kimngan/.m2/repository/org/openjfx/javafx-base/21/javafx-base-21.jar:/Users/kimngan/.m2/repository/org/openjfx/javafx-base/21/javafx-base-21-mac-aarch64.jar:/Users/kimngan/.m2/repository/org/openjfx/javafx-fxml/21/javafx-fxml-21.jar:/Users/kimngan/.m2/repository/org/openjfx/javafx-fxml/21/javafx-fxml-21-mac-aarch64.jar:/Users/kimngan/.m2/repository/org/openjfx/javafx-media/21/javafx-media-21.jar:/Users/kimngan/.m2/repository/org/openjfx/javafx-media/21/javafx-media-21-mac-aarch64.jar:/Users/kimngan/.m2/repository/org/controlsfx/controlsfx/11.1.2/controlsfx-11.1.2.jar:/Users/kimngan/.m2/repository/com/mysql/mysql-connector-j/8.0.33/mysql-connector-j-8.0.33.jar:/Users/kimngan/.m2/repository/com/google/protobuf/protobuf-java/3.21.9/protobuf-java-3.21.9.jar
Launcher Type: SUN_STANDARD

[Global flags]
     intx CICompilerCount                          = 4                                         {product} {ergonomic}
     uint ConcGCThreads                            = 2                                         {product} {ergonomic}
     uint G1ConcRefinementThreads                  = 8                                         {product} {ergonomic}
   size_t G1HeapRegionSize                         = 1048576                                   {product} {ergonomic}
    uintx GCDrainStackTargetSize                   = 64                                        {product} {ergonomic}
   size_t InitialHeapSize                          = 134217728                                 {product} {ergonomic}
   size_t MarkStackSize                            = 4194304                                   {product} {ergonomic}
   size_t MaxHeapSize                              = 2147483648                                {product} {ergonomic}
   size_t MaxNewSize                               = 1287651328                                {product} {ergonomic}
   size_t MinHeapDeltaBytes                        = 1048576                                   {product} {ergonomic}
   size_t MinHeapSize                              = 8388608                                   {product} {ergonomic}
    uintx NonNMethodCodeHeapSize                   = 5839564                                {pd product} {ergonomic}
    uintx NonProfiledCodeHeapSize                  = 122909338                              {pd product} {ergonomic}
    uintx ProfiledCodeHeapSize                     = 122909338                              {pd product} {ergonomic}
    uintx ReservedCodeCacheSize                    = 251658240                              {pd product} {ergonomic}
     bool SegmentedCodeCache                       = true                                      {product} {ergonomic}
   size_t SoftMaxHeapSize                          = 2147483648                             {manageable} {ergonomic}
     bool UseCompressedOops                        = true                           {product lp64_product} {ergonomic}
     bool UseG1GC                                  = true                                      {product} {ergonomic}
     bool UseNUMA                                  = false                                     {product} {ergonomic}
     bool UseNUMAInterleaving                      = false                                     {product} {ergonomic}

Logging:
Log output configuration:
 #0: stdout all=warning uptime,level,tags foldmultilines=false
 #1: stderr all=off uptime,level,tags foldmultilines=false

Environment Variables:
PATH=/Users/kimngan/.nvm/versions/node/v16.20.2/bin:/Users/kimngan/Documents/google-cloud-sdk/bin:/Users/kimngan/miniforge3/bin:/Users/kimngan/miniforge3/condabin:/opt/homebrew/Cellar/pyenv-virtualenv/1.2.4/shims:/Users/kimngan/.pyenv/shims:/Users/kimngan/.pyenv/bin:/Library/Frameworks/Python.framework/Versions/3.6/bin:/opt/homebrew/bin:/opt/homebrew/sbin:/usr/local/bin:/System/Cryptexes/App/usr/bin:/usr/bin:/bin:/usr/sbin:/sbin:/var/run/com.apple.security.cryptexd/codex.system/bootstrap/usr/local/bin:/var/run/com.apple.security.cryptexd/codex.system/bootstrap/usr/bin:/var/run/com.apple.security.cryptexd/codex.system/bootstrap/usr/appleinternal/bin:/Library/Apple/usr/bin:/Users/kimngan/.cargo/bin:/Users/kimngan/mongodb-macos-aarch64-8.0.11/bin
SHELL=/bin/zsh
LANG=C.UTF-8
TMPDIR=/var/folders/06/dwdc5_l17rjbh5_txqpjf2ch0000gn/T/

Active Locale:
LC_ALL=C.UTF-8
LC_COLLATE=C.UTF-8
LC_CTYPE=C.UTF-8
LC_MESSAGES=C.UTF-8
LC_MONETARY=C.UTF-8
LC_NUMERIC=C.UTF-8
LC_TIME=C.UTF-8

Signal Handlers:
   SIGSEGV: crash_handler in libjvm.dylib, mask=11100110000111110111111111111111, flags=SA_ONSTACK|SA_RESTART|SA_SIGINFO, unblocked
    SIGBUS: crash_handler in libjvm.dylib, mask=11100110000111110111111111111111, flags=SA_RESTART|SA_SIGINFO, unblocked
    SIGFPE: crash_handler in libjvm.dylib, mask=11100110000111110111111111111111, flags=SA_RESTART|SA_SIGINFO, unblocked
   SIGPIPE: javaSignalHandler in libjvm.dylib, mask=11100110000111110111111111111111, flags=SA_RESTART|SA_SIGINFO, blocked
   SIGXFSZ: javaSignalHandler in libjvm.dylib, mask=11100110000111110111111111111111, flags=SA_RESTART|SA_SIGINFO, blocked
    SIGILL: crash_handler in libjvm.dylib, mask=11100110000111110111111111111111, flags=SA_RESTART|SA_SIGINFO, unblocked
   SIGUSR2: SR_handler in libjvm.dylib, mask=00000000000000000000000000000000, flags=SA_RESTART|SA_SIGINFO, blocked
    SIGHUP: UserHandler in libjvm.dylib, mask=11100110000111110111111111111111, flags=SA_RESTART|SA_SIGINFO, blocked
    SIGINT: UserHandler in libjvm.dylib, mask=11100110000111110111111111111111, flags=SA_RESTART|SA_SIGINFO, blocked
   SIGTERM: UserHandler in libjvm.dylib, mask=11100110000111110111111111111111, flags=SA_RESTART|SA_SIGINFO, blocked
   SIGQUIT: UserHandler in libjvm.dylib, mask=11100110000111110111111111111111, flags=SA_RESTART|SA_SIGINFO, blocked
   SIGTRAP: crash_handler in libjvm.dylib, mask=11100110000111110111111111111111, flags=SA_RESTART|SA_SIGINFO, unblocked


Periodic native trim disabled

---------------  S Y S T E M  ---------------

OS:
uname: Darwin 25.0.0 Darwin Kernel Version 25.0.0: Wed Sep 17 21:38:03 PDT 2025; root:xnu-12377.1.9~141/RELEASE_ARM64_T8112 arm64
OS uptime: 16 days 18:29 hours
rlimit (soft/hard): STACK 8176k/65520k , CORE 0k/infinity , NPROC 1333/2000 , NOFILE 2147483647/infinity , AS infinity/infinity , CPU infinity/infinity , DATA infinity/infinity , FSIZE infinity/infinity , MEMLOCK infinity/infinity , RSS infinity/infinity
load average: 11.05 10.28 9.76

CPU: total 8 (initial active 8) 0x61:0x0:0xda33d83d:0, fp, asimd, aes, pmull, sha1, sha256, crc32, lse, sha3, sha512
machdep.cpu.brand_string:Apple M2
hw.cachelinesize:128
hw.l1icachesize:131072
hw.l1dcachesize:65536
hw.l2cachesize:4194304

Memory: 16k page, physical 8388608k(169792k free), swap 5242880k(1371072k free)

vm_info: Java HotSpot(TM) 64-Bit Server VM (21.0.6+8-LTS-188) for bsd-aarch64 JRE (21.0.6+8-LTS-188), built on 2024-12-03T10:50:54Z by "mach5one" with clang Apple LLVM 12.0.0 (clang-1200.0.32.29)

END.
